gene_id,gene_short_name
0610007L01Rik,0610007L01Rik
0610009O20Rik,0610009O20Rik
0610010K14Rik,0610010K14Rik
0910001L09Rik,0910001L09Rik
1100001G20Rik,1100001G20Rik
1110002B05Rik,1110002B05Rik
1110004E09Rik,1110004E09Rik
1110007A13Rik,1110007A13Rik
1110007C09Rik,1110007C09Rik
1110013L07Rik,1110013L07Rik
1110020G09Rik,1110020G09Rik
1110034G24Rik,1110034G24Rik
1110038B12Rik,1110038B12Rik
1110049F12Rik,1110049F12Rik
1110059E24Rik,1110059E24Rik
1190002H23Rik,1190002H23Rik
1190007F08Rik,1190007F08Rik
1200002N14Rik,1200002N14Rik
1300001I01Rik,1300001I01Rik
1300017J02Rik,1300017J02Rik
1500001M20Rik,1500001M20Rik
1500012F01Rik,1500012F01Rik
1500032L24Rik,1500032L24Rik
1600014C10Rik,1600014C10Rik
1700001L05Rik,1700001L05Rik
1700012B09Rik,1700012B09Rik
1700017B05Rik,1700017B05Rik
1700020L24Rik,1700020L24Rik
1810009A15Rik,1810009A15Rik
1810011H11Rik,1810011H11Rik
1810027O10Rik,1810027O10Rik
1810030N24Rik,1810030N24Rik
1810031K17Rik,1810031K17Rik
1810033B17Rik,1810033B17Rik
1810037I17Rik,1810037I17Rik
2010002N04Rik,2010002N04Rik
2010011I20Rik,2010011I20Rik
2010106G01Rik,2010106G01Rik
2210016F16Rik,2210016F16Rik
2210020M01Rik,2210020M01Rik
2210023G05Rik,2210023G05Rik
2210404O07Rik,2210404O07Rik
2210411K11Rik,2210411K11Rik
2310003C23Rik,2310003C23Rik
2310003F16Rik,2310003F16Rik
2310005E10Rik,2310005E10Rik
2310014H01Rik,2310014H01Rik
2310022B05Rik,2310022B05Rik
2310028O11Rik,2310028O11Rik
2410006H16Rik,2410006H16Rik
2510002D24Rik,2510002D24Rik
2510003E04Rik,2510003E04Rik
2610018G03Rik,2610018G03Rik
2610024G14Rik,2610024G14Rik
2610029G23Rik,2610029G23Rik
2610029I01Rik,2610029I01Rik
2610035D17Rik,2610035D17Rik
2610101N10Rik,2610101N10Rik
2700094K13Rik,2700094K13Rik
2810004N23Rik,2810004N23Rik
2810417H13Rik,2810417H13Rik
2810474O19Rik,2810474O19Rik
2900010J23Rik,2900010J23Rik
2900010M23Rik,2900010M23Rik
2900026A02Rik,2900026A02Rik
2900073G15Rik,2900073G15Rik
3110003A17Rik,3110003A17Rik
3110056O03Rik,3110056O03Rik
4632415L05Rik,4632415L05Rik
4632428N05Rik,4632428N05Rik
4930473A06Rik,4930473A06Rik
4930486L24Rik,4930486L24Rik
4930503E24Rik,4930503E24Rik
4930534B04Rik,4930534B04Rik
4931406C07Rik,4931406C07Rik
5033406O09Rik,5033406O09Rik
5430435G22Rik,5430435G22Rik
5730469M10Rik,5730469M10Rik
5730508B09Rik,5730508B09Rik
5730528L13Rik,5730528L13Rik
5830405N20Rik,5830405N20Rik
5830432E09Rik,5830432E09Rik
6030458C11Rik,6030458C11Rik
6330416G13Rik,6330416G13Rik
6330503K22Rik,6330503K22Rik
6720456B07Rik,6720456B07Rik
8430419L09Rik,8430419L09Rik
8430427H17Rik,8430427H17Rik
9030617O03Rik,9030617O03Rik
9130206I24Rik,9130206I24Rik
9130208E07Rik,9130208E07Rik
9230105E10Rik,9230105E10Rik
9530068E07Rik,9530068E07Rik
9530077C05Rik,9530077C05Rik
9630033F20Rik,9630033F20Rik
9830001H06Rik,9830001H06Rik
A030009H04Rik,A030009H04Rik
A930001N09Rik,A930001N09Rik
AA987161,AA987161
AB124611,AB124611
AI467606,AI467606
AI504432,AI504432
AI848100,AI848100
AK003943,AK003943
AK004850,AK004850
AK005678,AK005678
AK005967,AK005967
AK011885,AK011885
AK012007,AK012007
AK015096,AK015096
AK019114,AK019114
AK020398,AK020398
AK028012,AK028012
AK031079,AK031079
AK031561,AK031561
AK032662,AK032662
AK040705,AK040705
AK041647,AK041647
AK042041,AK042041
AK042223,AK042223
AK046417,AK046417
AK051928,AK051928
AK052414,AK052414
AK052812,AK052812
AK053193,AK053193
AK076954,AK076954
AK079675,AK079675
AK080025,AK080025
AK080350,AK080350
AK081788,AK081788
AK081796,AK081796
AK084646,AK084646
AK085695,AK085695
AK087942,AK087942
AK089379,AK089379
AK142847,AK142847
AK144329,AK144329
AK146183,AK146183
AK150559,AK150559
AK152437,AK152437
AK153212,AK153212
AK153427,AK153427
AK153575,AK153575
AK154077,AK154077
AK158095,AK158095
AK163149,AK163149
AK164126,AK164126
AK169831,AK169831
AK172428,AK172428
AK182549,AK182549
AK185715,AK185715
AK188353,AK188353
AK189633,AK189633
AK197603,AK197603
AK202301,AK202301
AK210533,AK210533
AK211593,AK211593
AK217941,AK217941
AKAP95,AKAP95
Aak1,Aak1
Abca3,Abca3
Abcb10,Abcb10
Abcb1b,Abcb1b
Abcb4,Abcb4
Abcb6,Abcb6
Abcb9,Abcb9
Abcc4,Abcc4
Abcd1,Abcd1
Abcd2,Abcd2
Abce1,Abce1
Abcf1,Abcf1
Abcg1,Abcg1
Abcg2,Abcg2
Abcg4,Abcg4
Abhd14b,Abhd14b
Abhd15,Abhd15
Abhd16a,Abhd16a
Abi2,Abi2
Ablim1,Ablim1
Abr,Abr
Abtb2,Abtb2
Acadl,Acadl
Ache,Ache
Acin1,Acin1
Aco1,Aco1
Acot1,Acot1
Acot13,Acot13
Acot7,Acot7
Acot9,Acot9
Acox3,Acox3
Acpl2,Acpl2
Acsl1,Acsl1
Acsl5,Acsl5
Acsl6,Acsl6
Acss1,Acss1
Acss2,Acss2
Actb,Actb
Actl6a,Actl6a
Actn1,Actn1
Actr2,Actr2
Actr3,Actr3
Acyp1,Acyp1
Ada,Ada
Adam15,Adam15
Adamts10,Adamts10
Adamts3,Adamts3
Adap1,Adap1
Adat3,Adat3
Adcy6,Adcy6
Add1,Add1
Add2,Add2
Add3,Add3
Adh5,Adh5
Adipor2,Adipor2
Adk,Adk
Adrbk1,Adrbk1
Adrbk2,Adrbk2
Adsl,Adsl
Adssl1,Adssl1
Aes,Aes
Afap1,Afap1
Afap1l1,Afap1l1
Aff3,Aff3
Aff4,Aff4
Afg3l2,Afg3l2
Afmid,Afmid
Agap1,Agap1
Agap2,Agap2
Agfg2,Agfg2
Aggf1,Aggf1
Agpat3,Agpat3
Agpat4,Agpat4
Agpat5,Agpat5
Agps,Agps
Agtrap,Agtrap
Ahctf1,Ahctf1
Ahdc1,Ahdc1
Ahnak,Ahnak
Ahsa1,Ahsa1
Aif1,Aif1
Aim2,Aim2
Ak2,Ak2
Ak3,Ak3
Akap13,Akap13
Akap8l,Akap8l
Akap9,Akap9
Akr1a4,Akr1a4
Akt1,Akt1
Alad,Alad
Alas1,Alas1
Alas2,Alas2
Alcam,Alcam
Aldh18a1,Aldh18a1
Aldh1a1,Aldh1a1
Aldh1a7,Aldh1a7
Aldh1b1,Aldh1b1
Aldh1l1,Aldh1l1
Aldh2,Aldh2
Aldh7a1,Aldh7a1
Aldoa,Aldoa
Alkbh8,Alkbh8
Allergin-1,Allergin-1
Alox5,Alox5
Alox5ap,Alox5ap
Amfr,Amfr
Ammecr1,Ammecr1
Ampd3,Ampd3
Anapc1,Anapc1
Anapc11,Anapc11
Anapc13,Anapc13
Anapc2,Anapc2
Anapc5,Anapc5
Angpt1,Angpt1
Ank,Ank
Ank1,Ank1
Ankrd11,Ankrd11
Ankrd13a,Ankrd13a
Ankrd17,Ankrd17
Ankrd26,Ankrd26
Ankrd43,Ankrd43
Ankrd44,Ankrd44
Anln,Anln
Ano10,Ano10
Ano6,Ano6
Anp32a,Anp32a
Anp32b,Anp32b
Anp32e,Anp32e
Anxa2,Anxa2
Anxa3,Anxa3
Anxa5,Anxa5
Anxa6,Anxa6
Aoah,Aoah
Ap1b1,Ap1b1
Ap1m1,Ap1m1
Ap1s2,Ap1s2
Ap1s3,Ap1s3
Ap2a2,Ap2a2
Ap3s1,Ap3s1
Apba1,Apba1
Apbb1ip,Apbb1ip
Apeh,Apeh
Apip,Apip
Aplp2,Aplp2
Apob48r,Apob48r
Apobec3,Apobec3
Apoe,Apoe
App,App
Appl1,Appl1
Aprt,Aprt
Aqp1,Aqp1
Aqp11,Aqp11
Aqp9,Aqp9
Aqr,Aqr
Arap2,Arap2
Arap3,Arap3
Arf1,Arf1
Arf4,Arf4
Arf5,Arf5
Arglu1,Arglu1
Arhgap17,Arhgap17
Arhgap19,Arhgap19
Arhgap21,Arhgap21
Arhgap23,Arhgap23
Arhgap25,Arhgap25
Arhgap27,Arhgap27
Arhgap30,Arhgap30
Arhgap31,Arhgap31
Arhgap32,Arhgap32
Arhgap6,Arhgap6
Arhgap9,Arhgap9
Arhgdia,Arhgdia
Arhgdib,Arhgdib
Arhgdig,Arhgdig
Arhgef12,Arhgef12
Arhgef2,Arhgef2
Arhgef25,Arhgef25
Arhgef3,Arhgef3
Arhgef4,Arhgef4
Arhgef40,Arhgef40
Arhgef6,Arhgef6
Arid1a,Arid1a
Arid1b,Arid1b
Arid2,Arid2
Arid3a,Arid3a
Arid3b,Arid3b
Arid4b,Arid4b
Arid5a,Arid5a
Arid5b,Arid5b
Arl11,Arl11
Arl4a,Arl4a
Arl6ip1,Arl6ip1
Arl8a,Arl8a
Armc9,Armc9
Arpc1a,Arpc1a
Arpc1b,Arpc1b
Arpc2,Arpc2
Arpc4,Arpc4
Arrb1,Arrb1
Arsb,Arsb
Arvcf,Arvcf
As3mt,As3mt
Asah1,Asah1
Asap1,Asap1
Asf1b,Asf1b
Ash1l,Ash1l
Asns,Asns
Asp,Asp
Asph,Asph
Ass1,Ass1
Asxl1,Asxl1
Atad5,Atad5
Atf4,Atf4
Atf7ip,Atf7ip
Atg16l2,Atg16l2
Atg2b,Atg2b
Atg4b,Atg4b
Atic,Atic
Atmin,Atmin
Atn1,Atn1
Atox1,Atox1
Atp10a,Atp10a
Atp10d,Atp10d
Atp11a,Atp11a
Atp13a3,Atp13a3
Atp1a3,Atp1a3
Atp1b1,Atp1b1
Atp1b2,Atp1b2
Atp1b3,Atp1b3
Atp2a2,Atp2a2
Atp2a3,Atp2a3
Atp2b1,Atp2b1
Atp2b4,Atp2b4
Atp5a1,Atp5a1
Atp5b,Atp5b
Atp5c1,Atp5c1
Atp5d,Atp5d
Atp5f1,Atp5f1
Atp5g3,Atp5g3
Atp5h,Atp5h
Atp5j2,Atp5j2
Atp5o,Atp5o
Atp6ap2,Atp6ap2
Atp6v0a1,Atp6v0a1
Atp6v0b,Atp6v0b
Atp6v0c,Atp6v0c
Atp6v0d1,Atp6v0d1
Atp6v1f,Atp6v1f
Atp7b,Atp7b
Atp8a1,Atp8a1
Atp8b2,Atp8b2
Atp8b4,Atp8b4
Atp8b5,Atp8b5
Atpase6,Atpase6
Atpif1,Atpif1
Atrip,Atrip
Atrnl1,Atrnl1
Atrx,Atrx
Aurka,Aurka
Aurkb,Aurkb
Auts2,Auts2
Aven,Aven
B230120H23Rik,B230120H23Rik
B230219D22Rik,B230219D22Rik
B330016D10Rik,B330016D10Rik
B430306N03Rik,B430306N03Rik
B4galnt1,B4galnt1
B4galt4,B4galt4
B4galt5,B4galt5
B4galt6,B4galt6
BC002221,BC002221
BC003965,BC003965
BC005764,BC005764
BC019819,BC019819
BC021614,BC021614
BC021767,BC021767
BC024571,BC024571
BC025067,BC025067
BC029331,BC029331
BC031353,BC031353
BC033430,BC033430
BC035044,BC035044
BC048355,BC048355
BC051142,BC051142
BC057079,BC057079
BC064078,BC064078
BC096441,BC096441
Bag1,Bag1
Bag2,Bag2
Bahcc1,Bahcc1
Baiap2,Baiap2
Bambi,Bambi
Bambi-ps1,Bambi-ps1
Banf1,Banf1
Basp1,Basp1
Bat2d,Bat2d
Batf3,Batf3
Bax,Bax
Baz1a,Baz1a
Baz1b,Baz1b
Baz2b,Baz2b
Bcas2,Bcas2
Bcas3,Bcas3
Bcl11a,Bcl11a
Bcl2,Bcl2
Bcl2l1,Bcl2l1
Bcl2l11,Bcl2l11
Bcl3,Bcl3
Bcl9,Bcl9
Bcl9l,Bcl9l
Bclaf1,Bclaf1
Bdh1,Bdh1
Bdp1,Bdp1
Beta-s,Beta-s
Bex4,Bex4
Bex6,Bex6
Bhlha15,Bhlha15
Bin1,Bin1
Birc3,Birc3
Birc5,Birc5
Birc6,Birc6
Blm,Blm
Blnk,Blnk
Blvra,Blvra
Blvrb,Blvrb
Bmp1,Bmp1
Bmp2k,Bmp2k
Bms1,Bms1
Bnip2,Bnip2
Bod1l,Bod1l
Bola2,Bola2
Bola3,Bola3
Boll,Boll
Bptf,Bptf
Brd1,Brd1
Brd3,Brd3
Brd4,Brd4
Brd7,Brd7
Brf1,Brf1
Bri3bp,Bri3bp
Brix1,Brix1
Brpf3,Brpf3
Bsg,Bsg
Bst2,Bst2
Btaf1,Btaf1
Btbd3,Btbd3
Btg1,Btg1
Btg2,Btg2
Btnl9,Btnl9
Bub1b,Bub1b
Bub3,Bub3
Butr1,Butr1
Bzrap1,Bzrap1
Bzw1,Bzw1
Bzw2,Bzw2
C184,C184
C1galt1,C1galt1
C1galt1c1,C1galt1c1
C1qb,C1qb
C1qbp,C1qbp
C1qc,C1qc
C1qtnf6,C1qtnf6
C1rl,C1rl
C230052I12Rik,C230052I12Rik
C230096C10Rik,C230096C10Rik
C3,C3
C330019G07Rik,C330019G07Rik
C530008M17Rik,C530008M17Rik
Cables1,Cables1
Cachd1,Cachd1
Cacybp,Cacybp
Cad,Cad
Calcoco1,Calcoco1
Calm1,Calm1
Calm2,Calm2
Calr,Calr
Camk1,Camk1
Camk1d,Camk1d
Camk2a,Camk2a
Camkk1,Camkk1
Camkk2,Camkk2
Camsap1l1,Camsap1l1
Cand1,Cand1
Canx,Canx
Cap1,Cap1
Capg,Capg
Capn1,Capn1
Capn3,Capn3
Capn5,Capn5
Capns1,Capns1
Caprin1,Caprin1
Caprin2,Caprin2
Capzb,Capzb
Car1,Car1
Car2,Car2
Car9,Car9
Card6,Card6
Carhsp1,Carhsp1
Cars,Cars
Casc5,Casc5
Casp1,Casp1
Casp11,Casp11
Casp3,Casp3
Casp6,Casp6
Casp7,Casp7
Cast,Cast
Casz1,Casz1
Cbfa2t3,Cbfa2t3
Cbfb,Cbfb
Cbl,Cbl
Cbr1,Cbr1
Cbr3,Cbr3
Cbx4,Cbx4
Cbx5,Cbx5
Cbx8,Cbx8
Ccar1,Ccar1
Ccbl1,Ccbl1
Ccbl2,Ccbl2
Ccdc102a,Ccdc102a
Ccdc109b,Ccdc109b
Ccdc125,Ccdc125
Ccdc135,Ccdc135
Ccdc163,Ccdc163
Ccdc23,Ccdc23
Ccdc32,Ccdc32
Ccdc48,Ccdc48
Ccdc50,Ccdc50
Ccdc69,Ccdc69
Ccdc74a,Ccdc74a
Ccdc88a,Ccdc88a
Ccdc88b,Ccdc88b
Ccl5,Ccl5
Ccl6,Ccl6
Ccl9,Ccl9
Ccnb1,Ccnb1
Ccnb2,Ccnb2
Ccnd1,Ccnd1
Ccnd2,Ccnd2
Ccne1,Ccne1
Ccnf,Ccnf
Ccng2,Ccng2
Cct3,Cct3
Cct4,Cct4
Cct5,Cct5
Cct6a,Cct6a
Cct7,Cct7
Cct8,Cct8
Cd14,Cd14
Cd160,Cd160
Cd1d2,Cd1d2
Cd2,Cd2
Cd244,Cd244
Cd248,Cd248
Cd24a,Cd24a
Cd27,Cd27
Cd274,Cd274
Cd300a,Cd300a
Cd300lb,Cd300lb
Cd300lg,Cd300lg
Cd302,Cd302
Cd34,Cd34
Cd48,Cd48
Cd52,Cd52
Cd53,Cd53
Cd55,Cd55
Cd59a,Cd59a
Cd63,Cd63
Cd68,Cd68
Cd7,Cd7
Cd74,Cd74
Cd79b,Cd79b
Cd81,Cd81
Cd82,Cd82
Cd9,Cd9
Cd93,Cd93
Cd99l2,Cd99l2
Cdc14a,Cdc14a
Cdc25b,Cdc25b
Cdc34,Cdc34
Cdc37,Cdc37
Cdc42,Cdc42
Cdc42se1,Cdc42se1
Cdc45,Cdc45
Cdc6,Cdc6
Cdca3,Cdca3
Cdca7,Cdca7
Cdca8,Cdca8
Cdcrel-1,Cdcrel-1
Cdh1,Cdh1
Cdk1,Cdk1
Cdk12,Cdk12
Cdk13,Cdk13
Cdk18,Cdk18
Cdk2ap2,Cdk2ap2
Cdk4,Cdk4
Cdk5r1,Cdk5r1
Cdk6,Cdk6
Cdkn1a,Cdkn1a
Cdkn3,Cdkn3
Cdr2,Cdr2
Cds1,Cds1
Cdt1,Cdt1
Cdv3,Cdv3
Cdyl,Cdyl
Ceacam1,Ceacam1
Cebpa,Cebpa
Cebpe,Cebpe
Cela1,Cela1
Celf1,Celf1
Celf2,Celf2
Celsr1,Celsr1
Celsr3,Celsr3
Cenp-a,Cenp-a
Cenpe,Cenpe
Cenpf,Cenpf
Cenph,Cenph
Cenpl,Cenpl
Cenpn,Cenpn
Cenpv,Cenpv
Cep350,Cep350
Cep55,Cep55
Cercam,Cercam
Cerk,Cerk
Cfdp1,Cfdp1
Cfl1,Cfl1
Cfp,Cfp
Cggbp1,Cggbp1
Chac2,Chac2
Chaf1b,Chaf1b
Chchd10,Chchd10
Chchd2,Chchd2
Chchd3,Chchd3
Chd1,Chd1
Chd2,Chd2
Chd3,Chd3
Chd4,Chd4
Chd6,Chd6
Chd7,Chd7
Chd8,Chd8
Chi3l3,Chi3l3
Chpf,Chpf
Chst10,Chst10
Chst12,Chst12
Chst13,Chst13
Cic,Cic
Cisd1,Cisd1
Cisd3,Cisd3
Cish,Cish
Cit,Cit
Cited2,Cited2
Cited4,Cited4
Ckap2l,Ckap2l
Ckap4,Ckap4
Ckap5,Ckap5
Ckb,Ckb
Clasp1,Clasp1
Clca5,Clca5
Clcf1,Clcf1
Clcn3,Clcn3
Cldn13,Cldn13
Cldn15,Cldn15
Clec10a,Clec10a
Clec11a,Clec11a
Clec12a,Clec12a
Clec2d,Clec2d
Clec4d,Clec4d
Clec4e,Clec4e
Clec5a,Clec5a
Clic1,Clic1
Clic4,Clic4
Clint1,Clint1
Clk2,Clk2
Clnk,Clnk
Clpp,Clpp
Clspn,Clspn
Clta,Clta
Cltc,Cltc
Clu,Clu
Clybl,Clybl
Cma1,Cma1
Cmah,Cmah
Cmpk2,Cmpk2
Cmtm3,Cmtm3
Cmtm4,Cmtm4
Cmtm7,Cmtm7
Cnbp,Cnbp
Cnn2,Cnn2
Cnn3,Cnn3
Cnnm2,Cnnm2
Cnnm4,Cnnm4
Cnot1,Cnot1
Cnp,Cnp
Cnpy2,Cnpy2
Cnpy3,Cnpy3
Cnr2,Cnr2
Cobll1,Cobll1
Col5a1,Col5a1
Commd4,Commd4
Commd7,Commd7
Cope,Cope
Copz2,Copz2
Coq9,Coq9
Coro1a,Coro1a
Coro1b,Coro1b
Coro2a,Coro2a
Coro7,Coro7
Cox17,Cox17
Cox4i1,Cox4i1
Cox5a,Cox5a
Cox5b,Cox5b
Cox6a1,Cox6a1
Cox6a2,Cox6a2
Cox6b1,Cox6b1
Cox6b2,Cox6b2
Cox7c,Cox7c
Cox8a,Cox8a
Cpa3,Cpa3
Cpne2,Cpne2
Cpne3,Cpne3
Cpox,Cpox
Cpsf2,Cpsf2
Cpt2,Cpt2
Crebbp,Crebbp
Creg1,Creg1
Creld2,Creld2
Crim1,Crim1
Crip1,Crip1
Crip2,Crip2
Cs,Cs
Csda,Csda
Csde1,Csde1
Csf1,Csf1
Csf1r,Csf1r
Csf2ra,Csf2ra
Csf2rb,Csf2rb
Csf2rb2,Csf2rb2
Csf3r,Csf3r
Csgalnact2,Csgalnact2
Csk,Csk
Csnk1a1,Csnk1a1
Csnk2b,Csnk2b
Csrnp1,Csrnp1
Csrp2,Csrp2
Csrp3,Csrp3
Cst3,Cst3
Cst7,Cst7
Ctage5,Ctage5
Ctbp1,Ctbp1
Ctcf,Ctcf
Ctdspl,Ctdspl
Ctla2a,Ctla2a
Ctnna1,Ctnna1
Ctnnb1,Ctnnb1
Ctsc,Ctsc
Ctsd,Ctsd
Ctse,Ctse
Ctsg,Ctsg
Ctsh,Ctsh
Ctsl,Ctsl
Ctss,Ctss
Ctsw,Ctsw
Ctsz,Ctsz
Cttn,Cttn
Cuedc1,Cuedc1
Cul4a,Cul4a
Cul7,Cul7
Cul9,Cul9
Cux1,Cux1
Cxcl10,Cxcl10
Cxcr4,Cxcr4
Cxxc1,Cxxc1
Cyb5,Cyb5
Cyb5b,Cyb5b
Cyb5r3,Cyb5r3
Cyba,Cyba
Cybb,Cybb
Cyc1,Cyc1
Cyfip1,Cyfip1
Cyfip2,Cyfip2
Cyhr1,Cyhr1
Cyp11a1,Cyp11a1
Cyp27a1,Cyp27a1
Cyp4f16,Cyp4f16
Cyp4f18,Cyp4f18
Cyth1,Cyth1
Cyth3,Cyth3
Cyth4,Cyth4
Cytip,Cytip
D16H22S680E,D16H22S680E
D17Wsu104e,D17Wsu104e
D17Wsu92e,D17Wsu92e
D18Ertd653e,D18Ertd653e
D230014K01Rik,D230014K01Rik
D4Wsu53e,D4Wsu53e
D6Mm5e,D6Mm5e
D930016D06Rik,D930016D06Rik
DAPK2,DAPK2
Daam1,Daam1
Dab2ip,Dab2ip
Dach1,Dach1
Dap,Dap
Dap3,Dap3
Dapp1,Dapp1
Darc,Darc
Dazap1,Dazap1
Dazap2,Dazap2
Dbndd2,Dbndd2
Dbnl,Dbnl
Dcaf4,Dcaf4
Dcaf7,Dcaf7
Dcaf8,Dcaf8
Dck,Dck
Dclk2,Dclk2
Dclre1a,Dclre1a
Dctn5,Dctn5
Dctpp1,Dctpp1
Ddah2,Ddah2
Ddb1,Ddb1
Ddit4,Ddit4
Ddost,Ddost
Ddx1,Ddx1
Ddx17,Ddx17
Ddx21,Ddx21
Ddx23,Ddx23
Ddx24,Ddx24
Ddx27,Ddx27
Ddx39,Ddx39
Ddx3x,Ddx3x
Ddx46,Ddx46
Ddx5,Ddx5
Ddx58,Ddx58
Ddx6,Ddx6
Def6,Def6
Def8,Def8
Dek,Dek
Dennd1b,Dennd1b
Dennd1c,Dennd1c
Dennd2d,Dennd2d
Dennd3,Dennd3
Dennd4a,Dennd4a
Deptor,Deptor
Dgat2,Dgat2
Dgkg,Dgkg
Dhdh,Dhdh
Dhrs11,Dhrs11
Dhrs3,Dhrs3
Dhrs4,Dhrs4
Dhrs7,Dhrs7
Dhx38,Dhx38
Dia2,Dia2
Diap2,Diap2
Dido1,Dido1
Dio2,Dio2
Dis3,Dis3
Dkkl1,Dkkl1
Dlat,Dlat
Dlg3,Dlg3
Dlgap5,Dlgap5
Dlst,Dlst
Dmkn,Dmkn
Dmwd,Dmwd
Dmxl1,Dmxl1
Dnahc8,Dnahc8
Dnaja3,Dnaja3
Dnaja4,Dnaja4
Dnajb1,Dnajb1
Dnajb11,Dnajb11
Dnajb2,Dnajb2
Dnajb3,Dnajb3
Dnajb9,Dnajb9
Dnajc10,Dnajc10
Dnajc11,Dnajc11
Dnajc19,Dnajc19
Dnajc2,Dnajc2
Dnajc3,Dnajc3
Dnajc6,Dnajc6
Dnajc8,Dnajc8
Dnhd1,Dnhd1
Dnmt1,Dnmt1
Dnmt3a,Dnmt3a
Dnmt3b,Dnmt3b
Dnpep,Dnpep
Dntt,Dntt
Dnttip2,Dnttip2
Dock1,Dock1
Dock10,Dock10
Dock2,Dock2
Dock7,Dock7
Dock8,Dock8
Dok2,Dok2
Dok3,Dok3
Dopey2,Dopey2
Dpp4,Dpp4
Dpp9,Dpp9
Dpy19l1,Dpy19l1
Dpy19l3,Dpy19l3
Dpysl2,Dpysl2
Drctnnb1a,Drctnnb1a
Drosha,Drosha
Dst,Dst
Dstn,Dstn
Dstyk,Dstyk
Dtl,Dtl
Dtnbp1,Dtnbp1
Dtx3,Dtx3
Dtx4,Dtx4
Dus1l,Dus1l
Dusp11,Dusp11
Dusp16,Dusp16
Dusp18,Dusp18
Dusp22,Dusp22
Dusp23,Dusp23
Dusp3,Dusp3
Dut,Dut
Dym,Dym
Dync1h1,Dync1h1
Dync1i2,Dync1i2
Dynlrb1,Dynlrb1
Dyrk3,Dyrk3
E130012A19Rik,E130012A19Rik
E130308A19Rik,E130308A19Rik
E2f2,E2f2
E2f4,E2f4
E2f8,E2f8
E330016A19Rik,E330016A19Rik
ENSMUSG00000073540,ENSMUSG00000073540
ENSMUSG00000073777,ENSMUSG00000073777
Ebi3,Ebi3
Ebna1bp2,Ebna1bp2
Ece1,Ece1
Echs1,Echs1
Ecm1,Ecm1
Edem1,Edem1
Edem2,Edem2
Edf1,Edf1
Eef1b2,Eef1b2
Eef1d,Eef1d
Eef1e1,Eef1e1
Eef1g,Eef1g
Eef2,Eef2
Eepd1,Eepd1
Efcab4a,Efcab4a
Efhd2,Efhd2
Efnb1,Efnb1
Eftud2,Eftud2
Egfl7,Egfl7
Egln3,Egln3
Egr1,Egr1
Ehd1,Ehd1
Ehd3,Ehd3
Ehmt2,Ehmt2
Eif1ax,Eif1ax
Eif2ak1,Eif2ak1
Eif2b1,Eif2b1
Eif2b4,Eif2b4
Eif2c2,Eif2c2
Eif2c3,Eif2c3
Eif2d,Eif2d
Eif2s2,Eif2s2
Eif3a,Eif3a
Eif3b,Eif3b
Eif3c,Eif3c
Eif3d,Eif3d
Eif3f,Eif3f
Eif3g,Eif3g
Eif3h,Eif3h
Eif3i,Eif3i
Eif3k,Eif3k
Eif3m,Eif3m
Eif4a1,Eif4a1
Eif4b,Eif4b
Eif4e2,Eif4e2
Eif4e3,Eif4e3
Eif4ebp1,Eif4ebp1
Eif4ebp2,Eif4ebp2
Eif4enif1,Eif4enif1
Eif4g1,Eif4g1
Eif4g2,Eif4g2
Eif4g3,Eif4g3
Eif5,Eif5
Eif5b,Eif5b
Elane,Elane
Elavl1,Elavl1
Elf1,Elf1
Elk3,Elk3
Ell2,Ell2
Elmo1,Elmo1
Elovl5,Elovl5
Elovl7,Elovl7
Eltd1,Eltd1
Emb,Emb
Emg1,Emg1
Emid1,Emid1
Emilin1,Emilin1
Emilin2,Emilin2
Eml4,Eml4
Emp3,Emp3
Endod1,Endod1
Ep400,Ep400
Epb4.1,Epb4.1
Epb4.1l2,Epb4.1l2
Epb4.1l4b,Epb4.1l4b
Epb4.9,Epb4.9
Epdr1,Epdr1
Ephx2,Ephx2
Epn1,Epn1
Epor,Epor
Eprs,Eprs
Eps15,Eps15
Epsti1,Epsti1
Epx,Epx
Erbb2ip,Erbb2ip
Erc1,Erc1
Ermap,Ermap
Ern1,Ern1
Ero1l,Ero1l
Ero1lb,Ero1lb
Erp29,Erp29
Erp44,Erp44
Esco2,Esco2
Espl1,Espl1
Esyt1,Esyt1
Etf1,Etf1
Etfa,Etfa
Etfb,Etfb
Etfdh,Etfdh
Etnk1,Etnk1
Ets1,Ets1
Etv6,Etv6
Evi2b,Evi2b
Evl,Evl
Exoc3l2,Exoc3l2
Exoc6,Exoc6
Exosc2,Exosc2
Exosc5,Exosc5
Exosc7,Exosc7
Exosc8,Exosc8
Ext1,Ext1
Eya2,Eya2
Ezh2,Ezh2
Ezr,Ezr
F10,F10
F13a1,F13a1
F2r,F2r
F2rl3,F2rl3
F5,F5
FKBP12-T1,FKBP12-T1
FKBP1b-B,FKBP1b-B
Faah,Faah
Fabp5,Fabp5
Fads1,Fads1
Fads3,Fads3
Fam101b,Fam101b
Fam102a,Fam102a
Fam105a,Fam105a
Fam107b,Fam107b
Fam108b,Fam108b
Fam109b,Fam109b
Fam110a,Fam110a
Fam117a,Fam117a
Fam129a,Fam129a
Fam129c,Fam129c
Fam132a,Fam132a
Fam134a,Fam134a
Fam134b,Fam134b
Fam158a,Fam158a
Fam160a2,Fam160a2
Fam162a,Fam162a
Fam168b,Fam168b
Fam174b,Fam174b
Fam176b,Fam176b
Fam184a,Fam184a
Fam195a,Fam195a
Fam195b,Fam195b
Fam20c,Fam20c
Fam26f,Fam26f
Fam43a,Fam43a
Fam46a,Fam46a
Fam49b,Fam49b
Fam53b,Fam53b
Fam55b,Fam55b
Fam55c,Fam55c
Fam59a,Fam59a
Fam64a,Fam64a
Fam65a,Fam65a
Fam65b,Fam65b
Fam69b,Fam69b
Fam78a,Fam78a
Fam82a2,Fam82a2
Fam96b,Fam96b
Fance,Fance
Far2,Far2
Fasn,Fasn
Fau,Fau
Fba,Fba
Fbp1,Fbp1
Fbxl20,Fbxl20
Fbxl8,Fbxl8
Fbxo10,Fbxo10
Fbxo4,Fbxo4
Fbxo5,Fbxo5
Fbxo7,Fbxo7
Fbxo9,Fbxo9
Fbxw10,Fbxw10
Fcer1g,Fcer1g
Fcgr2b,Fcgr2b
Fcgr3,Fcgr3
Fcgrt,Fcgrt
Fcho1,Fcho1
Fchsd2,Fchsd2
Fcnb,Fcnb
Fech,Fech
Fen1,Fen1
Fermt3,Fermt3
Fes,Fes
Ffar2,Ffar2
Fgd2,Fgd2
Fgd3,Fgd3
Fgf3,Fgf3
Fgfrl1,Fgfrl1
Fgl2,Fgl2
Fh1,Fh1
Fhdc1,Fhdc1
Ficd,Ficd
Filip1l,Filip1l
Fis1,Fis1
Fkbp11,Fkbp11
Fkbp2,Fkbp2
Fkbp4,Fkbp4
Fkbp5,Fkbp5
Fli1,Fli1
Flna,Flna
Flnb,Flnb
Flot2,Flot2
Flt3,Flt3
Flt3l,Flt3l
Fmnl3,Fmnl3
Fmr1,Fmr1
Fnbp1,Fnbp1
Fnbp1l,Fnbp1l
Fnbp4,Fnbp4
Fndc3a,Fndc3a
Fndc3b,Fndc3b
Fos,Fos
Foxj1,Foxj1
Foxn3,Foxn3
Foxo1,Foxo1
Foxp1,Foxp1
Foxred2,Foxred2
Fr1,Fr1
Frat1,Frat1
Frat2,Frat2
Frmd4a,Frmd4a
Fth1,Fth1
Ftl1,Ftl1
Ftsj1,Ftsj1
Ftsj3,Ftsj3
Fubp1,Fubp1
Fuca2,Fuca2
Fut4,Fut4
Fut7,Fut7
Fut8,Fut8
Fxn,Fxn
Fxyd5,Fxyd5
Fyb,Fyb
Fyn,Fyn
Fyr,Fyr
G0s2,G0s2
G3bp2,G3bp2
G6pc3,G6pc3
G6pdx,G6pdx
Gab2,Gab2
Gabarapl1,Gabarapl1
Gabpb2,Gabpb2
Gadd45a,Gadd45a
Gadd45b,Gadd45b
Galc,Galc
Galk1,Galk1
Galns,Galns
Galnt1,Galnt1
Galnt11,Galnt11
Galnt12,Galnt12
Galnt2,Galnt2
Galnt6,Galnt6
Gamt,Gamt
Ganab,Ganab
Gapt,Gapt
Gapvd1,Gapvd1
Gar1,Gar1
Gars,Gars
Gart,Gart
Gas5,Gas5
Gas7,Gas7
Gata1,Gata1
Gata2,Gata2
Gatad2b,Gatad2b
Gatm,Gatm
Gatsl3,Gatsl3
Gbp10,Gbp10
Gbp2,Gbp2
Gbx2,Gbx2
Gcat,Gcat
Gch1,Gch1
Gclc,Gclc
Gclm,Gclm
Gda,Gda
Gdf3,Gdf3
Gdi2,Gdi2
Gdpd1,Gdpd1
Gdpd3,Gdpd3
Gemin5,Gemin5
Get4,Get4
Gfer,Gfer
Gfi1,Gfi1
Gfi1b,Gfi1b
Gfm1,Gfm1
Gfod1,Gfod1
Gfpt1,Gfpt1
Gga2,Gga2
Ggh,Ggh
Ggt5,Ggt5
Ggta1,Ggta1
Gigyf2,Gigyf2
Gimap1,Gimap1
Gimap5,Gimap5
Gimap6,Gimap6
Gimap7,Gimap7
Git2,Git2
Gja1,Gja1
Gjb3,Gjb3
Glb1,Glb1
Glb1l,Glb1l
Glg1,Glg1
Glipr1,Glipr1
Glipr2,Glipr2
Glo1,Glo1
Glrx5,Glrx5
Gltscr2,Gltscr2
Glud1,Glud1
Gm10653,Gm10653
Gm14005,Gm14005
Gm14085,Gm14085
Gm15800,Gm15800
Gm16515,Gm16515
Gm1966,Gm1966
Gm2058,Gm2058
Gm2a,Gm2a
Gm4759,Gm4759
Gm4902,Gm4902
Gm5057,Gm5057
Gm5506,Gm5506
Gm608,Gm608
Gm672,Gm672
Gm7694,Gm7694
Gmfg,Gmfg
Gmip,Gmip
Gmpr,Gmpr
Gna14,Gna14
Gna15,Gna15
Gnai2,Gnai2
Gnas,Gnas
Gnb2l1,Gnb2l1
Gng10,Gng10
Gng11,Gng11
Gng12,Gng12
Gng2,Gng2
Gnl2,Gnl2
Gnl3,Gnl3
Gnl3l,Gnl3l
Gnpda2,Gnpda2
Gnptab,Gnptab
Golga4,Golga4
Golm1,Golm1
Gorasp2,Gorasp2
Gp1ba,Gp1ba
Gp5,Gp5
Gp9,Gp9
Gpatch8,Gpatch8
Gpbp1,Gpbp1
Gpc1,Gpc1
Gpc4,Gpc4
Gpi1,Gpi1
Gpn3,Gpn3
Gpr132,Gpr132
Gpr171,Gpr171
Gpr18,Gpr18
Gpr183,Gpr183
Gpr56,Gpr56
Gpr84,Gpr84
Gpr97,Gpr97
Gps2,Gps2
Gpt2,Gpt2
Gpx1,Gpx1
Gpx3,Gpx3
Gpx4,Gpx4
Gramd1b,Gramd1b
Gramd3,Gramd3
Grap,Grap
Grb10,Grb10
Grb2,Grb2
Grhpr,Grhpr
Gria3,Gria3
Grina,Grina
Grk6,Grk6
Grn,Grn
Gsn,Gsn
Gspt1,Gspt1
Gsr,Gsr
Gstm1,Gstm1
Gstm4,Gstm4
Gstm5,Gstm5
Gstm7,Gstm7
Gsto1,Gsto1
Gstp1,Gstp1
Gstt3,Gstt3
Gtf2a2,Gtf2a2
Gtf2f1,Gtf2f1
Gtf2h1,Gtf2h1
Gtf2h3,Gtf2h3
Gtf2i,Gtf2i
Gtpbp1,Gtpbp1
Guca1a,Guca1a
Gucy1a3,Gucy1a3
Guk1,Guk1
Gusb,Gusb
Gxylt1,Gxylt1
Gyg,Gyg
Gypa,Gypa
Gypc,Gypc
Gzma,Gzma
Gzmb,Gzmb
Gzmm,Gzmm
H13,H13
H1f0,H1f0
H1fx,H1fx
H2-Aa,H2-Aa
H2-Ab1,H2-Ab1
H2-D1,H2-D1
H2-DMa,H2-DMa
H2-DMb1,H2-DMb1
H2-Eb1,H2-Eb1
H2-K1,H2-K1
H2-Ke2,H2-Ke2
H2-M3,H2-M3
H2-Oa,H2-Oa
H2-Ob,H2-Ob
H2-Q7,H2-Q7
H2-T10,H2-T10
H2afj,H2afj
H2afv,H2afv
H2afx,H2afx
H2afy,H2afy
H3f3a,H3f3a
H47,H47
HDAC7,HDAC7
HLS2,HLS2
Haao,Haao
Hadh,Hadh
Hadha,Hadha
Hagh,Hagh
Hars,Hars
Hausp,Hausp
Hba-a2,Hba-a2
Hbb-b1,Hbb-b1
Hcfc1,Hcfc1
Hck,Hck
Hcst,Hcst
Hdac5,Hdac5
Hdac6,Hdac6
Hdc,Hdc
Hdgf,Hdgf
Hdlbp,Hdlbp
Heatr1,Heatr1
Heatr3,Heatr3
Heatr5a,Heatr5a
Hebp1,Hebp1
Hectd1,Hectd1
Heg1,Heg1
Hells,Hells
Hemgn,Hemgn
Herc1,Herc1
Herc2,Herc2
Herpud1,Herpud1
Hes1,Hes1
Hexa,Hexa
Hexb,Hexb
Hfe,Hfe
Hif3a,Hif3a
Higd2a,Higd2a
Hint1,Hint1
Hip1,Hip1
Hip1r,Hip1r
Hipk1,Hipk1
Hist1h2an,Hist1h2an
Hivep2,Hivep2
Hk1,Hk1
Hk2,Hk2
Hk3,Hk3
Hlf,Hlf
Hlx,Hlx
Hmbs,Hmbs
Hmgb2,Hmgb2
Hmgb3,Hmgb3
Hmgcl,Hmgcl
Hmgn1,Hmgn1
Hmgn2,Hmgn2
Hmgn3,Hmgn3
Hmha1,Hmha1
Hmmr,Hmmr
Hmox1,Hmox1
Hn1,Hn1
Hnf4a,Hnf4a
Hnrnpab,Hnrnpab
Hnrnpc,Hnrnpc
Hnrnpd,Hnrnpd
Hnrnph1,Hnrnph1
Hnrnpk,Hnrnpk
Hnrnpm,Hnrnpm
Hnrnpul1,Hnrnpul1
Hnrpdl,Hnrpdl
Homer2,Homer2
Homer3,Homer3
Hoxa5,Hoxa5
Hoxa7,Hoxa7
Hoxa9,Hoxa9
Hp,Hp
Hp1bp3,Hp1bp3
Hpn,Hpn
Hprt,Hprt
Hps3,Hps3
Hras1,Hras1
Hs6st1,Hs6st1
Hsd11b1,Hsd11b1
Hsd17b1,Hsd17b1
Hsd17b10,Hsd17b10
Hsd17b11,Hsd17b11
Hsd17b12,Hsd17b12
Hsp90ab1,Hsp90ab1
Hsp90b1,Hsp90b1
Hspa14,Hspa14
Hspa2,Hspa2
Hspa4,Hspa4
Hspa4l,Hspa4l
Hspa5,Hspa5
Hspa8,Hspa8
Hspbp1,Hspbp1
Hspd1,Hspd1
Hspe1,Hspe1
Hsph1,Hsph1
HtrA2,HtrA2
Huwe1,Huwe1
Hyal1,Hyal1
Hyal2,Hyal2
Hyi,Hyi
Hyou1,Hyou1
I830077J02Rik,I830077J02Rik
ISG12a,ISG12a
Iars,Iars
Iars2,Iars2
Ica1,Ica1
Icam2,Icam2
Icam4,Icam4
Id1,Id1
Id2,Id2
Idh1,Idh1
Idh2,Idh2
Idh3a,Idh3a
Idh3b,Idh3b
Ier3,Ier3
Ier3ip1,Ier3ip1
Ier5,Ier5
Iffo2,Iffo2
Ifi203,Ifi203
Ifi27l2a,Ifi27l2a
Ifi30,Ifi30
Ifih1,Ifih1
Ifitm1,Ifitm1
Ifitm2,Ifitm2
Ifitm3,Ifitm3
Ifnar2,Ifnar2
Ifngr1,Ifngr1
Ifngr2,Ifngr2
Ifrd2,Ifrd2
Ift140,Ift140
Igf1r,Igf1r
Igf2r,Igf2r
Igfbp4,Igfbp4
Igsf3,Igsf3
Igsf6,Igsf6
Igtp,Igtp
Ikbke,Ikbke
Ikzf1,Ikzf1
Ikzf2,Ikzf2
Il10ra,Il10ra
Il12a,Il12a
Il15,Il15
Il16,Il16
Il17ra,Il17ra
Il17rb,Il17rb
Il1r1,Il1r1
Il1rl1,Il1rl1
Il21r,Il21r
Il2rb,Il2rb
Il31ra,Il31ra
Il3ra,Il3ra
Il4ra,Il4ra
Il6ra,Il6ra
Il6st,Il6st
Immt,Immt
Imp3,Imp3
Imp4,Imp4
Impa2,Impa2
Impdh1,Impdh1
Incenp,Incenp
Inf2,Inf2
Ing1,Ing1
Ino80d,Ino80d
Inpp5d,Inpp5d
Integrin Alpha-4,Integrin Alpha-4
Ints8,Ints8
Ipmk,Ipmk
Ipo4,Ipo4
Ipo5,Ipo5
Iqgap1,Iqgap1
Iqgap2,Iqgap2
Irak-M,Irak-M
Irf1,Irf1
Irf2,Irf2
Irf2bp2,Irf2bp2
Irf5,Irf5
Irf7,Irf7
Irf8,Irf8
Irf9,Irf9
Irg1,Irg1
Irgm1,Irgm1
Isca1,Isca1
Isca2,Isca2
Isg15,Isg15
Isg20,Isg20
Isg20l2,Isg20l2
Isoc1,Isoc1
Isyna1,Isyna1
Itga2b,Itga2b
Itga6,Itga6
Itgal,Itgal
Itgam,Itgam
Itgav,Itgav
Itgax,Itgax
Itgb1,Itgb1
Itgb2,Itgb2
Itgb3,Itgb3
Itgb5,Itgb5
Itgb7,Itgb7
Itih5,Itih5
Itm2a,Itm2a
Itm2b,Itm2b
Itm2c,Itm2c
Itpr1,Itpr1
Itpr3,Itpr3
Itpripl1,Itpripl1
Itpripl2,Itpripl2
Itsn1,Itsn1
Iws1,Iws1
Jak1,Jak1
Jarid1a,Jarid1a
Jdp2,Jdp2
Jmjd1c,Jmjd1c
Jmy,Jmy
Jnk2,Jnk2
Josd1,Josd1
Josd2,Josd2
Kalrn,Kalrn
Kars,Kars
Katnal1,Katnal1
Kbtbd11,Kbtbd11
Kcc1,Kcc1
Kcnab2,Kcnab2
Kcng2,Kcng2
Kcnip3,Kcnip3
Kcnk12,Kcnk12
Kcnk6,Kcnk6
Kcnn4,Kcnn4
Kcnq5,Kcnq5
Kctd1,Kctd1
Kctd12,Kctd12
Kctd14,Kctd14
Kctd17,Kctd17
Kctd20,Kctd20
Kdelc2,Kdelc2
Kdelr2,Kdelr2
Kdm2a,Kdm2a
Kdm3a,Kdm3a
Kdm3b,Kdm3b
Kdm5b,Kdm5b
Kel,Kel
Khdrbs1,Khdrbs1
Khk,Khk
Khsrp,Khsrp
Kiaa0028,Kiaa0028
Kif11,Kif11
Kif15,Kif15
Kif17,Kif17
Kif18b,Kif18b
Kif1b,Kif1b
Kif21b,Kif21b
Kif22,Kif22
Kif23,Kif23
Kif2a,Kif2a
Kif3a,Kif3a
Kif4,Kif4
Kit,Kit
Klf1,Klf1
Klf13,Klf13
Klf2,Klf2
Klf3,Klf3
Klf4,Klf4
Klf6,Klf6
Klf9,Klf9
Klhdc2,Klhdc2
Klhdc3,Klhdc3
Klhdc8b,Klhdc8b
Klhl22,Klhl22
Klhl36,Klhl36
Klhl5,Klhl5
Klk8,Klk8
Klrb1c,Klrb1c
Klrb1f,Klrb1f
Klrk1,Klrk1
Kpc1,Kpc1
Kpnb1,Kpnb1
Krt18,Krt18
Krtcap2,Krtcap2
Kti12,Kti12
Ktn1,Ktn1
L1cam,L1cam
L3mbtl3,L3mbtl3
LPCAT4,LPCAT4
Lair1,Lair1
Lamp1,Lamp1
Lap3,Lap3
Laptm5,Laptm5
Larp1,Larp1
Larp1b,Larp1b
Larp7,Larp7
Lars,Lars
Lass5,Lass5
Lat,Lat
Lat2,Lat2
Lbh,Lbh
Lbp,Lbp
Lck,Lck
Lcn2,Lcn2
Lcp1,Lcp1
Lcp2,Lcp2
Ldb1,Ldb1
Ldha,Ldha
Ldhb,Ldhb
Ldlrad3,Ldlrad3
Lefty1,Lefty1
Leprot,Leprot
Lfng,Lfng
Lgals1,Lgals1
Lgals3,Lgals3
Lgals3bp,Lgals3bp
Lgals9,Lgals9
Lgmn,Lgmn
Lias,Lias
Lig1,Lig1
Lilrb3,Lilrb3
Limd1,Limd1
Limd2,Limd2
Lims1,Lims1
Litaf,Litaf
Lman1,Lman1
Lman2,Lman2
Lmcd1,Lmcd1
Lmna,Lmna
Lmnb1,Lmnb1
Lmnb2,Lmnb2
Lmo1,Lmo1
Lmo2,Lmo2
Lmo4,Lmo4
Lonp1,Lonp1
Lonp2,Lonp2
Lpar2,Lpar2
Lpar6,Lpar6
Lpcat2,Lpcat2
Lpcat4,Lpcat4
Lpgat1,Lpgat1
Lphn1,Lphn1
Lphn2,Lphn2
Lpin1,Lpin1
Lpin2,Lpin2
Lpla2,Lpla2
Lrg1,Lrg1
Lrmp,Lrmp
Lrp1,Lrp1
Lrp4,Lrp4
Lrp5,Lrp5
Lrp8,Lrp8
Lrpprc,Lrpprc
Lrrc1,Lrrc1
Lrrc14,Lrrc14
Lrrc24,Lrrc24
Lrrc33,Lrrc33
Lrrc58,Lrrc58
Lrrc8c,Lrrc8c
Lrrfip1,Lrrfip1
Lrrk2,Lrrk2
Lrwd1,Lrwd1
Lsm14a,Lsm14a
Lsm2,Lsm2
Lsm4,Lsm4
Lsp1,Lsp1
Lta4h,Lta4h
Ltb4r1,Ltb4r1
Ltbr,Ltbr
Luc7l,Luc7l
Luc7l2,Luc7l2
Luc7l3,Luc7l3
Luzp1,Luzp1
Lxn,Lxn
Ly6c2,Ly6c2
Ly6d,Ly6d
Ly6e,Ly6e
Ly86,Ly86
Ly9,Ly9
Lyar,Lyar
Lyl1,Lyl1
Lysmd2,Lysmd2
Lyst,Lyst
Lyz1,Lyz1
M-rdgB beta,M-rdgB beta
M6prbp1,M6prbp1
MRPL33,MRPL33
MRPS11,MRPS11
Macf1,Macf1
Mad2l1,Mad2l1
Maged2,Maged2
Magoh,Magoh
Magt1,Magt1
Malat1,Malat1
Malt1,Malt1
Maml3,Maml3
Man1a,Man1a
Man1c1,Man1c1
Man2b1,Man2b1
Manf,Manf
Map1lc3b,Map1lc3b
Map2k2,Map2k2
Map3k14,Map3k14
Map3k3,Map3k3
Map3k5,Map3k5
Map4,Map4
Map4k3,Map4k3
Map4k4,Map4k4
Mapk14,Mapk14
Mapk6,Mapk6
Mapkapk2,Mapkapk2
Mapkapk3,Mapkapk3
Mapre1,Mapre1
Marcksl1,Marcksl1
Mars,Mars
Marveld1,Marveld1
Mast2,Mast2
Mast4,Mast4
Mat2a,Mat2a
Mat2b,Mat2b
Matn2,Matn2
Mbd2,Mbd2
Mbnl1,Mbnl1
Mboat1,Mboat1
Mbp,Mbp
Mcf2l,Mcf2l
Mcm10,Mcm10
Mcm2,Mcm2
Mcm3,Mcm3
Mcm4,Mcm4
Mcm5,Mcm5
Mcm6,Mcm6
Mcm7,Mcm7
Mcph1,Mcph1
Mcpt4,Mcpt4
Mcpt8,Mcpt8
Mctp1,Mctp1
Mdga1,Mdga1
Mdh1,Mdh1
Mdh2,Mdh2
Mdn1,Mdn1
Me2,Me2
Mecr,Mecr
Med13l,Med13l
Med20,Med20
Med25,Med25
Med30,Med30
Med7,Med7
Mef2c,Mef2c
Mefv,Mefv
Megf12,Megf12
Meis1,Meis1
Memo1,Memo1
Metap2,Metap2
Mett10d,Mett10d
Mettl13,Mettl13
Mfap1b,Mfap1b
Mfap3,Mfap3
Mfge8,Mfge8
Mfhas1,Mfhas1
Mfn1,Mfn1
Mfsd10,Mfsd10
Mfsd2b,Mfsd2b
Mfsd6,Mfsd6
Mgam,Mgam
Mgat4a,Mgat4a
Mgat5,Mgat5
Mgl2,Mgl2
Mgll,Mgll
Mgst1,Mgst1
Mgst2,Mgst2
Mgst3,Mgst3
Mical1,Mical1
Mical3,Mical3
Micall2,Micall2
Mier1,Mier1
Mier3,Mier3
Minpp1,Minpp1
Mipol1,Mipol1
Mir142,Mir142
Mir1903,Mir1903
Mki67,Mki67
Mki67ip,Mki67ip
Mkl1,Mkl1
Mknk2,Mknk2
Mkrn1,Mkrn1
Mlec,Mlec
Mll1,Mll1
Mll2,Mll2
Mll3,Mll3
Mllt3,Mllt3
Mllt6,Mllt6
Mmgt2,Mmgt2
Mmp14,Mmp14
Mnda,Mnda
Mndal,Mndal
Mns1,Mns1
Mobkl2a,Mobkl2a
Mogat2,Mogat2
Mogs,Mogs
Morf4l2,Morf4l2
Mosc2,Mosc2
Mospd3,Mospd3
Mpeg1,Mpeg1
Mpl,Mpl
Mpnd,Mpnd
Mpo,Mpo
Mpp4,Mpp4
Mpp6,Mpp6
Mras,Mras
Mrgpre,Mrgpre
Mrp63,Mrp63
Mrpl12,Mrpl12
Mrpl15,Mrpl15
Mrpl17,Mrpl17
Mrpl18,Mrpl18
Mrpl20,Mrpl20
Mrpl22,Mrpl22
Mrpl28,Mrpl28
Mrpl3,Mrpl3
Mrpl30,Mrpl30
Mrpl34,Mrpl34
Mrpl35,Mrpl35
Mrpl37,Mrpl37
Mrpl38,Mrpl38
Mrpl42,Mrpl42
Mrpl45,Mrpl45
Mrpl47,Mrpl47
Mrpl52,Mrpl52
Mrpl54,Mrpl54
Mrpl55,Mrpl55
Mrpl9,Mrpl9
Mrps22,Mrps22
Mrps24,Mrps24
Mrps26,Mrps26
Mrps28,Mrps28
Mrps36,Mrps36
Mrps5,Mrps5
Mrto4,Mrto4
Mrvi1,Mrvi1
Ms4a4b,Ms4a4b
Ms4a6b,Ms4a6b
Ms4a6c,Ms4a6c
Msh6,Msh6
Msi2,Msi2
Msn,Msn
Mt1,Mt1
Mt2,Mt2
Mta1,Mta1
Mta2,Mta2
Mta3,Mta3
Mtch2,Mtch2
Mtdh,Mtdh
Mtfp1,Mtfp1
Mtfr1,Mtfr1
Mthfd1,Mthfd1
Mthfd2,Mthfd2
Mtmr14,Mtmr14
Mtss1,Mtss1
Mtus1,Mtus1
Mtx2,Mtx2
Muc13,Muc13
Mutyh,Mutyh
Myadm,Myadm
Myb,Myb
Mybbp1a,Mybbp1a
Myc,Myc
Mycbp2,Mycbp2
Mycn,Mycn
Myct1,Myct1
Myeov2,Myeov2
Myh10,Myh10
Myh9,Myh9
Myl12b,Myl12b
Mylip,Mylip
Mylk3,Mylk3
Mylpf,Mylpf
Myo10,Myo10
Myo15b,Myo15b
Myo1d,Myo1d
Myo1f,Myo1f
Myo1g,Myo1g
Myo5b,Myo5b
Myo7a,Myo7a
Myst3,Myst3
N4bp2,N4bp2
N4bp2l1,N4bp2l1
N4bp3,N4bp3
NAAA,NAAA
Naa25,Naa25
Naa50,Naa50
Nab1,Nab1
Naga,Naga
Naglu,Naglu
Nags,Nags
Naip1,Naip1
Naip2,Naip2
Nanos3,Nanos3
Nap1l4,Nap1l4
Naprt1,Naprt1
Napsa,Napsa
Narf,Narf
Nasp,Nasp
Nat10,Nat10
Nat15,Nat15
Nat8l,Nat8l
Nav1,Nav1
Nav2,Nav2
Ncam1,Ncam1
Ncapd2,Ncapd2
Ncapg2,Ncapg2
Ncbp1,Ncbp1
Ncf1,Ncf1
Ncf2,Ncf2
Ncf4,Ncf4
Nckap1,Nckap1
Nckap5l,Nckap5l
Nckipsd,Nckipsd
Ncl,Ncl
Ncln,Ncln
Ncoa2,Ncoa2
Ncoa3,Ncoa3
Ncoa6,Ncoa6
Ncor1,Ncor1
Ncs1,Ncs1
Ndrg1,Ndrg1
Ndst1,Ndst1
Ndst2,Ndst2
Ndufa10,Ndufa10
Ndufa12,Ndufa12
Ndufa13,Ndufa13
Ndufa7,Ndufa7
Ndufb10,Ndufb10
Ndufb2,Ndufb2
Ndufb5,Ndufb5
Ndufb6,Ndufb6
Ndufb8,Ndufb8
Ndufb9,Ndufb9
Ndufc2,Ndufc2
Ndufs1,Ndufs1
Ndufs2,Ndufs2
Ndufs6,Ndufs6
Ndufs7,Ndufs7
Ndufv1,Ndufv1
Ndufv2,Ndufv2
Ndufv3,Ndufv3
Necap2,Necap2
Nedd4,Nedd4
Nedd9,Nedd9
Nefh,Nefh
Neil3,Neil3
Nek6,Nek6
Nenf,Nenf
Net1,Net1
Neu1,Neu1
Neurl3,Neurl3
Nfam1,Nfam1
Nfat5,Nfat5
Nfatc1,Nfatc1
Nfatc2,Nfatc2
Nfatc3,Nfatc3
Nfe2,Nfe2
Nfe2l1,Nfe2l1
Nfe2l2,Nfe2l2
Nfia,Nfia
Nfic,Nfic
Nfil3,Nfil3
Nfix,Nfix
Nfkb1,Nfkb1
Nfkbia,Nfkbia
Nfkbie,Nfkbie
Nfs1,Nfs1
Nfya,Nfya
Ng23,Ng23
Ngly1,Ngly1
Nhlrc2,Nhlrc2
Nhsl2,Nhsl2
Nin,Nin
Ninj1,Ninj1
Ninl,Ninl
Nipsnap1,Nipsnap1
Nkg7,Nkg7
Nlgn2,Nlgn2
Nlrx1,Nlrx1
Nmd3,Nmd3
Nme1,Nme1
Nme2,Nme2
Nme4,Nme4
Nmral1,Nmral1
Noc3l,Noc3l
Noc4l,Noc4l
Nod1,Nod1
Nol11,Nol11
Nol7,Nol7
Nol9,Nol9
Nolc1,Nolc1
Nop14,Nop14
Nop2,Nop2
Nop58,Nop58
Npc2,Npc2
Npl,Npl
Npm2,Npm2
Nqo1,Nqo1
Nr0b2,Nr0b2
Nr3c1,Nr3c1
Nrg2,Nrg2
Nrgn,Nrgn
Nrip1,Nrip1
Nrp2,Nrp2
Nrxn1,Nrxn1
Nsf,Nsf
Nsmce4a,Nsmce4a
Nsun2,Nsun2
Nt5c2,Nt5c2
Ntng2,Ntng2
Nuak2,Nuak2
Nucb1,Nucb1
Nucb2,Nucb2
Nucks1,Nucks1
Nudc,Nudc
Nudt19,Nudt19
Nudt3,Nudt3
Nudt9,Nudt9
Numa1,Numa1
Nup133,Nup133
Nup160,Nup160
Nup210,Nup210
Nup85,Nup85
Nup93,Nup93
Nupr1,Nupr1
Nusap1,Nusap1
Nxn,Nxn
Nxt1,Nxt1
Oaf,Oaf
Oasl1,Oasl1
Oat,Oat
Ociad1,Ociad1
Ocrl,Ocrl
Odc1,Odc1
Ogfrl1,Ogfrl1
Oip5,Oip5
Olfm1,Olfm1
Olfr56,Olfr56
Olr1,Olr1
Opa1,Opa1
Optn,Optn
Orai2,Orai2
Orc2,Orc2
Orc3,Orc3
Orc5,Orc5
Orc6,Orc6
Ormdl3,Ormdl3
Os9,Os9
Osbpl1a,Osbpl1a
Osbpl3,Osbpl3
Osbpl5,Osbpl5
Osbpl8,Osbpl8
Ostc,Ostc
Ostf1,Ostf1
Otub2,Otub2
Otud7b,Otud7b
Oxr1,Oxr1
P2rx1,P2rx1
P2rx7,P2rx7
P2ry1,P2ry1
P2ry2,P2ry2
P4hb,P4hb
PAPK-A,PAPK-A
Pa2g4,Pa2g4
Pabpc4,Pabpc4
Pabpn1,Pabpn1
Pacs1,Pacs1
Pacsin2,Pacsin2
Padi4,Padi4
Paics,Paics
Paip1,Paip1
Paip2,Paip2
Pak1,Pak1
Pak1ip1,Pak1ip1
Palm,Palm
Pam,Pam
Pank1,Pank1
Panx1,Panx1
Papola,Papola
Papss2,Papss2
Paqr7,Paqr7
Paqr9,Paqr9
Pard3b,Pard3b
Park7,Park7
Parm1,Parm1
Parp1,Parp1
Parp14,Parp14
Parp3,Parp3
Parp8,Parp8
Parvb,Parvb
Parvg,Parvg
Pbx1,Pbx1
Pbx4,Pbx4
Pcbp1,Pcbp1
Pcbp2,Pcbp2
Pccb,Pccb
Pcf11,Pcf11
Pcgf2,Pcgf2
Pck2,Pck2
Pcm1,Pcm1
Pcmtd2,Pcmtd2
Pcna,Pcna
Pcnt,Pcnt
Pcnx,Pcnx
Pcp4l1,Pcp4l1
Pcyt1a,Pcyt1a
Pcyt1b,Pcyt1b
Pdap1,Pdap1
Pdcd11,Pdcd11
Pdcd4,Pdcd4
Pdcd6ip,Pdcd6ip
Pde2a,Pde2a
Pde4d,Pde4d
Pde5a,Pde5a
Pde6d,Pde6d
Pdgfrb,Pdgfrb
Pdha1,Pdha1
Pdhb,Pdhb
Pdia2,Pdia2
Pdia3,Pdia3
Pdia4,Pdia4
Pdia5,Pdia5
Pdia6,Pdia6
Pdlim1,Pdlim1
Pdlim2,Pdlim2
Pdlim7,Pdlim7
Pdrg1,Pdrg1
Pdxk,Pdxk
Pea15a,Pea15a
Pecam1,Pecam1
Peci,Peci
Pef1,Pef1
Peg13,Peg13
Peli2,Peli2
Peo1,Peo1
Per1,Per1
Per3,Per3
Pex11a,Pex11a
Pf4,Pf4
Pfdn1,Pfdn1
Pfdn5,Pfdn5
Pfkfb3,Pfkfb3
Pfkfb4,Pfkfb4
Pfkm,Pfkm
Pfkp,Pfkp
Pgd,Pgd
Pglyrp1,Pglyrp1
Pglyrp2,Pglyrp2
Pgp,Pgp
Phactr2,Phactr2
Phactr4,Phactr4
Phb2,Phb2
Phc1,Phc1
Phf10,Phf10
Phf13,Phf13
Phf14,Phf14
Phf19,Phf19
Phf21a,Phf21a
Phf3,Phf3
Phf5a,Phf5a
Phgdh,Phgdh
Phldb3,Phldb3
Phospho1,Phospho1
Phyhip,Phyhip
Picalm,Picalm
Pigq,Pigq
Pik3ap1,Pik3ap1
Pik3cd,Pik3cd
Pik3cg,Pik3cg
Pik3r2,Pik3r2
Pik3r5,Pik3r5
Pik3r6,Pik3r6
Pim1,Pim1
Pim2,Pim2
Pip4k2a,Pip4k2a
Pip5k1b,Pip5k1b
Pitpna,Pitpna
Pitpnm2,Pitpnm2
Pitrm1,Pitrm1
Pkhd1l1,Pkhd1l1
Pkib,Pkib
Pkig,Pkig
Pklr,Pklr
Pkm2,Pkm2
Pkn2,Pkn2
Pla2g12a,Pla2g12a
Pla2g16,Pla2g16
Plaur,Plaur
Plbd1,Plbd1
Plcb2,Plcb2
Plcb3,Plcb3
Plcg1,Plcg1
Plcg2,Plcg2
Plcl2,Plcl2
Pld3,Pld3
Pld4,Pld4
Plek,Plek
Plekha1,Plekha1
Plekha2,Plekha2
Plekhf1,Plekhf1
Plekhg2,Plekhg2
Plekhg3,Plekhg3
Plekhg5,Plekhg5
Plekho1,Plekho1
Plod1,Plod1
Plod3,Plod3
Plscr1,Plscr1
Plvap,Plvap
Plxdc1,Plxdc1
Plxnb2,Plxnb2
Plxnc1,Plxnc1
Plxnd1,Plxnd1
Pmepa1,Pmepa1
Pmf1,Pmf1
Pml,Pml
Pmm1,Pmm1
Pnp,Pnp
Pnp2,Pnp2
Pnpla2,Pnpla2
Pnrc1,Pnrc1
Pola2,Pola2
Poldip2,Poldip2
Pole,Pole
Pole3,Pole3
Polq,Polq
Polr1a,Polr1a
Polr1b,Polr1b
Polr1c,Polr1c
Polr1d,Polr1d
Polr2e,Polr2e
Polr2f,Polr2f
Polr2j,Polr2j
Polr3d,Polr3d
Pon2,Pon2
Pop5,Pop5
Popdc2,Popdc2
Por,Por
Pou2af1,Pou2af1
Pou2f2,Pou2f2
Ppa1,Ppa1
Ppap2a,Ppap2a
Ppat,Ppat
Ppfia1,Ppfia1
Ppfia4,Ppfia4
Ppfibp1,Ppfibp1
Ppfibp2,Ppfibp2
Ppic,Ppic
Ppid,Ppid
Ppif,Ppif
Ppm1g,Ppm1g
Ppm1h,Ppm1h
Ppm1l,Ppm1l
Ppm1m,Ppm1m
Ppox,Ppox
Ppp1r12a,Ppp1r12a
Ppp1r13b,Ppp1r13b
Ppp1r14b,Ppp1r14b
Ppp1r15a,Ppp1r15a
Ppp1r15b,Ppp1r15b
Ppp1r3d,Ppp1r3d
Ppp1r9b,Ppp1r9b
Ppp2r1b,Ppp2r1b
Ppp2r4,Ppp2r4
Ppp3cc,Ppp3cc
Ppp6r1,Ppp6r1
Ppp6r2,Ppp6r2
Pprc1,Pprc1
Pqlc3,Pqlc3
Pra1,Pra1
Prc1,Prc1
Prdm2,Prdm2
Prdm5,Prdm5
Prdx2,Prdx2
Prdx3,Prdx3
Prdx4,Prdx4
Prdx5,Prdx5
Prdx6,Prdx6
Prelid2,Prelid2
Prg2,Prg2
Prg3,Prg3
Prim2,Prim2
Prkaa1,Prkaa1
Prkab1,Prkab1
Prkaca,Prkaca
Prkag1,Prkag1
Prkag2,Prkag2
Prkar2b,Prkar2b
Prkca,Prkca
Prkcb,Prkcb
Prkcd,Prkcd
Prkce,Prkce
Prkch,Prkch
Prkcq,Prkcq
Prkcsh,Prkcsh
Prkd2,Prkd2
Prmt5,Prmt5
Prnd,Prnd
Prodh,Prodh
Prom1,Prom1
Prorsd1,Prorsd1
Prpf19,Prpf19
Prpf3,Prpf3
Prpf4b,Prpf4b
Prpf8,Prpf8
Prpsap1,Prpsap1
Prr13,Prr13
Prr5,Prr5
Prrc2b,Prrc2b
Prrg4,Prrg4
Prss16,Prss16
Prss34,Prss34
Prss50,Prss50
Prssl1,Prssl1
Prtn3,Prtn3
Psap,Psap
Psat1,Psat1
Psen2,Psen2
Psip1,Psip1
Psma7,Psma7
Psmb1,Psmb1
Psmb10,Psmb10
Psmb2,Psmb2
Psmb3,Psmb3
Psmb4,Psmb4
Psmb6,Psmb6
Psmb7,Psmb7
Psmb8,Psmb8
Psmb9,Psmb9
Psmc1,Psmc1
Psmc2,Psmc2
Psmc3,Psmc3
Psmd1,Psmd1
Psmd11,Psmd11
Psmd12,Psmd12
Psmd2,Psmd2
Psmd3,Psmd3
Psmd4,Psmd4
Psmd5,Psmd5
Psmd7,Psmd7
Psmd9,Psmd9
Psme1,Psme1
Psme2,Psme2
Psme3,Psme3
Psmf1,Psmf1
Psmg1,Psmg1
Psmg2,Psmg2
Pspc1,Pspc1
Pstpip1,Pstpip1
Ptch1,Ptch1
Ptdss2,Ptdss2
Ptger2,Ptger2
Ptger3,Ptger3
Ptgir,Ptgir
Ptgr1,Ptgr1
Ptgs1,Ptgs1
Ptms,Ptms
Ptp4a2,Ptp4a2
Ptp4a3,Ptp4a3
Ptpn1,Ptpn1
Ptpn11,Ptpn11
Ptpn13,Ptpn13
Ptpn14,Ptpn14
Ptpn18,Ptpn18
Ptpn22,Ptpn22
Ptpn6,Ptpn6
Ptpn7,Ptpn7
Ptpra,Ptpra
Ptprcap,Ptprcap
Ptpre,Ptpre
Ptprs,Ptprs
Ptpru,Ptpru
Pttg1ip,Pttg1ip
Pum1,Pum1
Pus1,Pus1
Pus7,Pus7
Pvr,Pvr
Pvrl1,Pvrl1
Pwp2,Pwp2
Pycard,Pycard
Pycr2,Pycr2
Pygl,Pygl
Qars,Qars
Qdpr,Qdpr
Rab11fip1,Rab11fip1
Rab17,Rab17
Rab18,Rab18
Rab19,Rab19
Rab1b,Rab1b
Rab22B,Rab22B
Rab27a,Rab27a
Rab27b,Rab27b
Rab2a,Rab2a
Rab32,Rab32
Rab35,Rab35
Rab37,Rab37
Rab3d,Rab3d
Rab3il1,Rab3il1
Rab44,Rab44
Rab4a,Rab4a
Rabgap1l,Rabgap1l
Rabgef1,Rabgef1
Rac2,Rac2
Racgap1,Racgap1
Rad21,Rad21
Rad23a,Rad23a
Rad23b,Rad23b
Rad50,Rad50
Ralgds,Ralgds
Ralgps2,Ralgps2
Ramp1,Ramp1
Ran,Ran
Ranbp1,Ranbp1
Ranbp10,Ranbp10
Ranbp2,Ranbp2
Rangap1,Rangap1
Rangrf,Rangrf
Rap1b,Rap1b
Rapgef2,Rapgef2
Rapgef3,Rapgef3
Rapgef5,Rapgef5
Rapgef6,Rapgef6
Rara,Rara
Rarg,Rarg
Rasa2,Rasa2
Rasa4,Rasa4
Rasal3,Rasal3
Rasgrp2,Rasgrp2
Rassf2,Rassf2
Rassf3,Rassf3
Rassf4,Rassf4
Rassf8,Rassf8
Rbbp6,Rbbp6
Rbks,Rbks
Rbm16,Rbm16
Rbm25,Rbm25
Rbm27,Rbm27
Rbm33,Rbm33
Rbm39,Rbm39
Rbm43,Rbm43
Rbm5,Rbm5
Rbm8a,Rbm8a
Rbmxrt,Rbmxrt
Rbp1,Rbp1
Rbpms,Rbpms
Rcc2,Rcc2
Rcl1,Rcl1
Rcn3,Rcn3
Rcor1,Rcor1
Rcor2,Rcor2
Rcsd1,Rcsd1
Rdh12,Rdh12
Rdx,Rdx
Rec8,Rec8
Reck,Reck
Recql4,Recql4
Reep2,Reep2
Reep5,Reep5
Reep6,Reep6
Rel,Rel
Rela,Rela
Relb,Relb
Renbp,Renbp
Rest,Rest
Rexo2,Rexo2
Rfc2,Rfc2
Rfc4,Rfc4
Rfng,Rfng
Rftn1,Rftn1
Rfx2,Rfx2
Rgl1,Rgl1
Rgs10,Rgs10
Rgs12,Rgs12
Rgs14,Rgs14
Rgs18,Rgs18
Rgs19,Rgs19
Rgs2,Rgs2
Rhag,Rhag
Rhbdd2,Rhbdd2
Rhd,Rhd
Rhob,Rhob
Rhog,Rhog
Rhou,Rhou
Rin3,Rin3
Ripk3,Ripk3
Rlf,Rlf
Rnaseh1,Rnaseh1
Rnaseh2b,Rnaseh2b
Rnaseh2c,Rnaseh2c
Rnaset2a,Rnaset2a
Rnf10,Rnf10
Rnf125,Rnf125
Rnf13,Rnf13
Rnf130,Rnf130
Rnf144a,Rnf144a
Rnf144b,Rnf144b
Rnf150,Rnf150
Rnf180,Rnf180
Rnf187,Rnf187
Rnf213,Rnf213
Rnf216,Rnf216
Rnpep,Rnpep
Rnpepl1,Rnpepl1
Robld3,Robld3
Rod1,Rod1
Rogdi,Rogdi
Rom1,Rom1
Romo1,Romo1
Rpa2,Rpa2
Rpia,Rpia
Rpl13,Rpl13
Rpl13a,Rpl13a
Rpl18,Rpl18
Rpl23,Rpl23
Rpl27a,Rpl27a
Rpl32,Rpl32
Rpl37a,Rpl37a
Rpl4,Rpl4
Rplp2,Rplp2
Rpn1,Rpn1
Rpn2,Rpn2
Rprd1b,Rprd1b
Rps10,Rps10
Rps11,Rps11
Rps19,Rps19
Rps20,Rps20
Rps21,Rps21
Rps25,Rps25
Rps27l,Rps27l
Rps3,Rps3
Rps3a,Rps3a
Rps6ka1,Rps6ka1
Rps6ka2,Rps6ka2
Rps6ka5,Rps6ka5
Rps8,Rps8
Rrad,Rrad
Rrbp1,Rrbp1
Rreb1,Rreb1
Rrm1,Rrm1
Rrm2,Rrm2
Rrp1b,Rrp1b
Rrp9,Rrp9
Rsbn1,Rsbn1
Rsl1d1,Rsl1d1
Rsu1,Rsu1
Rtkn,Rtkn
Rtn4r,Rtn4r
Rtn4rl1,Rtn4rl1
Rtp4,Rtp4
Rufy2,Rufy2
Runx1,Runx1
Runx2,Runx2
Ruvbl1,Ruvbl1
Ruvbl2,Ruvbl2
Ryk,Ryk
S100a10,S100a10
S100a4,S100a4
S100a6,S100a6
S100a8,S100a8
S100a9,S100a9
S1pr1,S1pr1
S1pr2,S1pr2
S1pr3,S1pr3
S1pr4,S1pr4
SMC4,SMC4
Sae1,Sae1
Samd1,Samd1
Samd10,Samd10
Samd14,Samd14
Samhd1,Samhd1
Samm50,Samm50
Samsn1,Samsn1
Sars,Sars
Sat1,Sat1
Satb1,Satb1
Sbk1,Sbk1
Sbno1,Sbno1
Scaf11,Scaf11
Scamp2,Scamp2
Scarf1,Scarf1
Scd2,Scd2
Scin,Scin
Scly,Scly
Scnn1a,Scnn1a
Scpep1,Scpep1
Scrn3,Scrn3
Sdad1,Sdad1
Sdc3,Sdc3
Sdf2l1,Sdf2l1
Sdha,Sdha
Sdhb,Sdhb
Sdhc,Sdhc
Sdhd,Sdhd
Sdpr,Sdpr
Sdsl,Sdsl
Sec11c,Sec11c
Sec14l2,Sec14l2
Sec22c,Sec22c
Sec24d,Sec24d
Sec31a,Sec31a
Sec61a1,Sec61a1
Sec61b,Sec61b
Sec63,Sec63
Secisbp2,Secisbp2
Sel1l,Sel1l
Selenbp1,Selenbp1
Selk,Selk
Sell,Sell
Selm,Selm
Selp,Selp
Selplg,Selplg
Sema4a,Sema4a
Senp6,Senp6
Senp7,Senp7
Sepw1,Sepw1
Sepx1,Sepx1
Serinc5,Serinc5
Serp1,Serp1
Serpina3f,Serpina3f
Serpinb6b,Serpinb6b
Serpine2,Serpine2
Serpinf1,Serpinf1
Sertad1,Sertad1
Sesn1,Sesn1
Sesn3,Sesn3
Sestd1,Sestd1
Setd1a,Setd1a
Setd2,Setd2
Setd8,Setd8
Sf3a2,Sf3a2
Sf3b1,Sf3b1
Sf3b2,Sf3b2
Sf3b3,Sf3b3
Sfmbt1,Sfmbt1
Sfpi1,Sfpi1
Sfpq,Sfpq
Sfrs18,Sfrs18
Sfrs3,Sfrs3
Sfrs7,Sfrs7
Sfswap,Sfswap
Sfxn1,Sfxn1
Sfxn3,Sfxn3
Sgcb,Sgcb
Sgk1,Sgk1
Sgms2,Sgms2
Sgpp1,Sgpp1
Sh2b2,Sh2b2
Sh2d2a,Sh2d2a
Sh2d3c,Sh2d3c
Sh2d4a,Sh2d4a
Sh3bgrl3,Sh3bgrl3
Sh3bp5,Sh3bp5
Sh3glb1,Sh3glb1
Sh3kbp1,Sh3kbp1
Sh3pxd2b,Sh3pxd2b
Sh3tc1,Sh3tc1
Shank3,Shank3
Shfm1,Shfm1
Shisa5,Shisa5
Shmt1,Shmt1
Sigirr,Sigirr
Siglec5,Siglec5
Siglecg,Siglecg
Sigmar1,Sigmar1
Sik1,Sik1
Sipa1l1,Sipa1l1
Sirpa,Sirpa
Sirt2,Sirt2
Sirt7,Sirt7
Siva1,Siva1
Skil,Skil
Skiv2l2,Skiv2l2
Sla,Sla
Slain1,Slain1
Slbp,Slbp
Slc12a9,Slc12a9
Slc14a1,Slc14a1
Slc16a1,Slc16a1
Slc16a10,Slc16a10
Slc17a9,Slc17a9
Slc18a2,Slc18a2
Slc19a1,Slc19a1
Slc22a23,Slc22a23
Slc22a3,Slc22a3
Slc24a6,Slc24a6
Slc25a1,Slc25a1
Slc25a12,Slc25a12
Slc25a13,Slc25a13
Slc25a21,Slc25a21
Slc25a23,Slc25a23
Slc25a3,Slc25a3
Slc25a38,Slc25a38
Slc25a39,Slc25a39
Slc25a4,Slc25a4
Slc25a42,Slc25a42
Slc25a44,Slc25a44
Slc25a5,Slc25a5
Slc26a1,Slc26a1
Slc28a2,Slc28a2
Slc29a1,Slc29a1
Slc2a1,Slc2a1
Slc2a6,Slc2a6
Slc30a7,Slc30a7
Slc31a2,Slc31a2
Slc35b2,Slc35b2
Slc35b4,Slc35b4
Slc35c2,Slc35c2
Slc35e2,Slc35e2
Slc35e4,Slc35e4
Slc36a1,Slc36a1
Slc38a1,Slc38a1
Slc38a2,Slc38a2
Slc38a5,Slc38a5
Slc39a6,Slc39a6
Slc39a8,Slc39a8
Slc3a2,Slc3a2
Slc41a3,Slc41a3
Slc43a1,Slc43a1
Slc43a3,Slc43a3
Slc44a2,Slc44a2
Slc45a3,Slc45a3
Slc45a4,Slc45a4
Slc46a3,Slc46a3
Slc4a8,Slc4a8
Slc6a13,Slc6a13
Slc7a1,Slc7a1
Slc7a4,Slc7a4
Slc7a8,Slc7a8
Slc9a9,Slc9a9
Slco3a1,Slco3a1
Slco4a1,Slco4a1
Slfn2,Slfn2
Slfn8,Slfn8
Slfn9,Slfn9
Slk,Slk
Slmap,Slmap
Slmo2,Slmo2
Slpi,Slpi
Smad1,Smad1
Smap1,Smap1
Smap2,Smap2
Smarca4,Smarca4
Smarca5,Smarca5
Smarcc1,Smarcc1
Smarcc2,Smarcc2
Smc1a,Smc1a
Smc2,Smc2
Smc3,Smc3
Smchd1,Smchd1
Smg1,Smg1
Smg6,Smg6
Smpd4,Smpd4
Smtn,Smtn
Smyd2,Smyd2
Smyd3,Smyd3
Smyd5,Smyd5
Snd1,Snd1
Snord49b,Snord49b
Snrnp200,Snrnp200
Snrnp40,Snrnp40
Snrpa1,Snrpa1
Snrpb,Snrpb
Snrpd1,Snrpd1
Snrpd2,Snrpd2
Snrpf,Snrpf
Sntb2,Sntb2
Snx1,Snx1
Snx10,Snx10
Snx18,Snx18
Snx20,Snx20
Snx3,Snx3
Snx30,Snx30
Snx5,Snx5
Snx9,Snx9
Soat1,Soat1
Soat2,Soat2
Socs1,Socs1
Sod1,Sod1
Sod2,Sod2
Son,Son
Sorbs1,Sorbs1
Sorbs3,Sorbs3
Sord,Sord
Sorl1,Sorl1
Sort1,Sort1
Sox12,Sox12
Sox13,Sox13
Sox4,Sox4
Sox6,Sox6
Sp100,Sp100
Sp110,Sp110
Spag5,Spag5
Spata13,Spata13
Spata24,Spata24
Spata6,Spata6
Spc24,Spc24
Spcs2,Spcs2
Spcs3,Spcs3
Specc1l,Specc1l
Sphk1,Sphk1
Spin1,Spin1
Spire1,Spire1
Spire2,Spire2
Spn,Spn
Spna1,Spna1
Spna2,Spna2
Spnb1,Spnb1
Spnb2,Spnb2
Spns2,Spns2
Spns3,Spns3
Spon2,Spon2
Spop,Spop
Spr,Spr
Sqrdl,Sqrdl
Sqstm1,Sqstm1
Sra1,Sra1
Srcap,Srcap
Srgap2,Srgap2
Srgap3,Srgap3
Srgn,Srgn
Sri,Sri
Srm,Srm
Srp19,Srp19
Srp68,Srp68
Srp72,Srp72
Srp9,Srp9
Srpk2,Srpk2
Srprb,Srprb
Srrm1,Srrm1
Srrm2,Srrm2
Srrt,Srrt
Srsf1,Srsf1
Srsf2,Srsf2
Srsf6,Srsf6
Ssb,Ssb
Ssbp3,Ssbp3
Ssh1,Ssh1
Ssh3,Ssh3
Ssna1,Ssna1
Ssr1,Ssr1
Ssr2,Ssr2
Ssr4,Ssr4
Ssrp1,Ssrp1
Ssx2ip,Ssx2ip
St14,St14
St3gal5,St3gal5
St8sia4,St8sia4
Stard10,Stard10
Stard5,Stard5
Stat1,Stat1
Stat3,Stat3
Stat4,Stat4
Stat5a,Stat5a
Stat5b,Stat5b
Stau2,Stau2
Steap3,Steap3
Stk10,Stk10
Stk38,Stk38
Stom,Stom
Ston2,Ston2
Stra13,Stra13
Strap,Strap
Strbp,Strbp
Stt3b,Stt3b
Stx2,Stx2
Stx3,Stx3
Stxbp1,Stxbp1
Stxbp3a,Stxbp3a
Stxbp5,Stxbp5
Sun2,Sun2
Supt16h,Supt16h
Susd3,Susd3
Svip,Svip
Syce2,Syce2
Syf2,Syf2
Syk,Syk
Syne1,Syne1
Syne2,Syne2
Syngr1,Syngr1
Synj2,Synj2
Sypl,Sypl
Sytl1,Sytl1
Sytl4,Sytl4
Tacc1,Tacc1
Tacc2,Tacc2
Tacstd2,Tacstd2
Taf1,Taf1
Taf12,Taf12
Taf9,Taf9
Tagln2,Tagln2
Tal1,Tal1
Taldo1,Taldo1
Taok3,Taok3
Tap1,Tap1
Tapbpl,Tapbpl
Tapt1,Tapt1
Tars2,Tars2
Tarsl2,Tarsl2
Tax1bp1,Tax1bp1
Tbc1d16,Tbc1d16
Tbc1d17,Tbc1d17
Tbc1d2,Tbc1d2
Tbc1d22b,Tbc1d22b
Tbc1d4,Tbc1d4
Tbc1d5,Tbc1d5
Tbc1d9b,Tbc1d9b
Tbcb,Tbcb
Tbccd1,Tbccd1
Tbkbp1,Tbkbp1
Tbl1x,Tbl1x
Tbl1xr1,Tbl1xr1
Tbrg1,Tbrg1
Tbrg4,Tbrg4
Tbxa2r,Tbxa2r
Tbxas1,Tbxas1
Tcb,Tcb
Tceb3,Tceb3
Tcerg1,Tcerg1
Tcf12,Tcf12
Tcf19,Tcf19
Tcf20,Tcf20
Tcf25,Tcf25
Tcf3,Tcf3
Tcf7,Tcf7
Tcfe3,Tcfe3
Tcfec,Tcfec
Tcirg1,Tcirg1
Tcn2,Tcn2
Tcp11l2,Tcp11l2
Tec,Tec
Tecr,Tecr
Tep1,Tep1
Tet1,Tet1
Tet2,Tet2
Tfam,Tfam
Tfdp2,Tfdp2
Tfg,Tfg
Tfrc,Tfrc
Tgfb1,Tgfb1
Tgfbi,Tgfbi
Tgfbr2,Tgfbr2
Tgfbr3,Tgfbr3
Tgm2,Tgm2
Thap3,Thap3
Thoc4,Thoc4
Thoc7,Thoc7
Thop1,Thop1
Thra,Thra
Thrap3,Thrap3
Thumpd1,Thumpd1
Thy1,Thy1
Tiam1,Tiam1
Ticam2,Ticam2
Tie1,Tie1
Tifab,Tifab
Timeless,Timeless
Timm10,Timm10
Timp2,Timp2
Tinagl1,Tinagl1
Tirap,Tirap
Tjp2,Tjp2
Tjp3,Tjp3
Tk1,Tk1
Tkt,Tkt
Tle6,Tle6
Tlk1,Tlk1
Tlr2,Tlr2
Tm6sf1,Tm6sf1
Tm7sf3,Tm7sf3
Tm9sf3,Tm9sf3
Tmbim6,Tmbim6
Tmc6,Tmc6
Tmc8,Tmc8
Tmcc2,Tmcc2
Tmed10,Tmed10
Tmed3,Tmed3
Tmed9,Tmed9
Tmem109,Tmem109
Tmem119,Tmem119
Tmem131,Tmem131
Tmem141,Tmem141
Tmem147,Tmem147
Tmem14c,Tmem14c
Tmem159,Tmem159
Tmem160,Tmem160
Tmem165,Tmem165
Tmem173,Tmem173
Tmem176a,Tmem176a
Tmem176b,Tmem176b
Tmem179b,Tmem179b
Tmem180,Tmem180
Tmem184b,Tmem184b
Tmem2,Tmem2
Tmem20,Tmem20
Tmem205,Tmem205
Tmem208,Tmem208
Tmem229b,Tmem229b
Tmem29,Tmem29
Tmem38b,Tmem38b
Tmem41a,Tmem41a
Tmem50a,Tmem50a
Tmem50b,Tmem50b
Tmem53,Tmem53
Tmem56,Tmem56
Tmem59,Tmem59
Tmem70,Tmem70
Tmem8,Tmem8
Tmem9,Tmem9
Tmem97,Tmem97
Tmpo,Tmpo
Tmsb10,Tmsb10
Tmx4,Tmx4
Tnfaip2,Tnfaip2
Tnfaip8,Tnfaip8
Tnfaip8l2,Tnfaip8l2
Tnfrsf13b,Tnfrsf13b
Tnfrsf18,Tnfrsf18
Tnfrsf1a,Tnfrsf1a
Tnfrsf1b,Tnfrsf1b
Tnfrsf21,Tnfrsf21
Tnfrsf26,Tnfrsf26
Tnfsf14,Tnfsf14
Tnfsf9,Tnfsf9
Tnik,Tnik
Tnip1,Tnip1
Tnk2,Tnk2
Tnks1bp1,Tnks1bp1
Tnks2,Tnks2
Tnni2,Tnni2
Tnrc18,Tnrc18
Tnrc6a,Tnrc6a
Tnrc6b,Tnrc6b
Tns1,Tns1
Tns3,Tns3
Tns4,Tns4
Tom40,Tom40
Tomm22,Tomm22
Tomm5,Tomm5
Tomm6,Tomm6
Tomm70a,Tomm70a
Tonsl,Tonsl
Top2a,Top2a
Top2b,Top2b
Topbp1,Topbp1
Tor1a,Tor1a
Tor3a,Tor3a
Tpcn1,Tpcn1
Tpd52,Tpd52
Tpd52l2,Tpd52l2
Tpm1,Tpm1
Tpm2,Tpm2
Tpm3,Tpm3
Tpm4,Tpm4
Tpp1,Tpp1
Tpr,Tpr
Tprgl,Tprgl
Tprkb,Tprkb
Tpsb2,Tpsb2
Tpx2,Tpx2
Traf3ip2,Traf3ip2
Traf3ip3,Traf3ip3
Traf4,Traf4
Trafd1,Trafd1
Trak2,Trak2
Tram1,Tram1
Trappc5,Trappc5
Trem1,Trem1
Trem3,Trem3
Treml1,Treml1
Treml2,Treml2
Trerf1,Trerf1
Trf,Trf
Trfr2,Trfr2
Trib2,Trib2
Trim10,Trim10
Trim2,Trim2
Trim24,Trim24
Trim25,Trim25
Trim26,Trim26
Trim28,Trim28
Trim45,Trim45
Trim47,Trim47
Trim8,Trim8
Trip10,Trip10
Trip12,Trip12
Trip6,Trip6
Trmt1,Trmt1
Trmt61a,Trmt61a
Trp53,Trp53
Trp53i11,Trp53i11
Trp53i13,Trp53i13
Trps1,Trps1
Trpv2,Trpv2
Tsc22d4,Tsc22d4
Tsen34,Tsen34
Tsn,Tsn
Tsnax,Tsnax
Tspan13,Tspan13
Tspan2,Tspan2
Tspan31,Tspan31
Tspan32,Tspan32
Tspan33,Tspan33
Tspan5,Tspan5
Tspo,Tspo
Tspo2,Tspo2
Tspyl3,Tspyl3
Ttc15,Ttc15
Ttc21b,Ttc21b
Ttc27,Ttc27
Ttc3,Ttc3
Ttc39c,Ttc39c
Ttll12,Ttll12
Ttll9,Ttll9
Ttyh2,Ttyh2
Tuba1a,Tuba1a
Tuba1b,Tuba1b
Tuba1c,Tuba1c
Tuba8,Tuba8
Tubb2a,Tubb2a
Tubb5,Tubb5
Tubb6,Tubb6
Twf2,Twf2
Txn1,Txn1
Txn2,Txn2
Txndc16,Txndc16
Txndc5,Txndc5
Txnip,Txnip
Txnl1,Txnl1
Txnl4a,Txnl4a
Txnrd1,Txnrd1
Txnrd2,Txnrd2
Tyms,Tyms
Tyrobp,Tyrobp
Uap1,Uap1
Uba1,Uba1
Uba2,Uba2
Ubac1,Ubac1
Ubap2,Ubap2
Ubash3b,Ubash3b
Ubb,Ubb
Ube2c,Ube2c
Ube2e3,Ube2e3
Ube2l6,Ube2l6
Ube2q1,Ube2q1
Ube2r2,Ube2r2
Ublcp1,Ublcp1
Ubqln1,Ubqln1
Ubr5,Ubr5
Ubr7,Ubr7
Ubtd1,Ubtd1
Ubtf,Ubtf
Ubxn2a,Ubxn2a
Uchl1,Uchl1
Uck2,Uck2
Ucp2,Ucp2
Ugcg,Ugcg
Ugcgl1,Ugcgl1
Ugdh,Ugdh
Ugt1a1,Ugt1a1
Uhrf1,Uhrf1
Uhrf1bp1,Uhrf1bp1
Uhrf1bp1l,Uhrf1bp1l
Ulk3,Ulk3
Unc119,Unc119
Unc119b,Unc119b
Unc93b1,Unc93b1
Ung,Ung
Uqcr,Uqcr
Uqcr10,Uqcr10
Uqcrc1,Uqcrc1
Uqcrc2,Uqcrc2
Uqcrfs1,Uqcrfs1
Uqcrq,Uqcrq
Urod,Urod
Uros,Uros
Use1,Use1
Usp1,Usp1
Usp10,Usp10
Usp15,Usp15
Usp2,Usp2
Usp22,Usp22
Usp24,Usp24
Usp25,Usp25
Usp32,Usp32
Usp33,Usp33
Usp34,Usp34
Usp36,Usp36
Usp39,Usp39
Usp4,Usp4
Usp40,Usp40
Usp45,Usp45
Usp48,Usp48
Usp6nl,Usp6nl
Usp9x,Usp9x
Utp14a,Utp14a
Utp20,Utp20
Utrn,Utrn
Vamp2,Vamp2
Vamp5,Vamp5
Vamp8,Vamp8
Vangl1,Vangl1
Vars,Vars
Vasp,Vasp
Vat1,Vat1
Vav1,Vav1
Vav3,Vav3
Vcam1,Vcam1
Vcl,Vcl
Vdac1,Vdac1
Vdr,Vdr
Vegfa,Vegfa
Vegfb,Vegfb
Vgll4,Vgll4
Vill,Vill
Vim,Vim
Vopp1,Vopp1
Vprbp,Vprbp
Vps13c,Vps13c
Vps28,Vps28
Vps35,Vps35
Vps53,Vps53
Vps72,Vps72
Vwa5a,Vwa5a
Vwf,Vwf
Wapal,Wapal
Was,Was
Wasf2,Wasf2
Wbp2,Wbp2
Wbp5,Wbp5
Wbscr27,Wbscr27
Wdfy4,Wdfy4
Wdhd1,Wdhd1
Wdr1,Wdr1
Wdr18,Wdr18
Wdr4,Wdr4
Wdr59,Wdr59
Wdr60,Wdr60
Wdr61,Wdr61
Wdr65,Wdr65
Wdr73,Wdr73
Wdr74,Wdr74
Wdr8,Wdr8
Wdr81,Wdr81
Wdr92,Wdr92
Wdsub1,Wdsub1
Whsc1,Whsc1
Whsc1l1,Whsc1l1
Wipf1,Wipf1
Wipi2,Wipi2
Wls,Wls
Wnk1,Wnk1
Wrn,Wrn
Wsb1,Wsb1
Xbp1,Xbp1
Xcl1,Xcl1
Xdh,Xdh
Xk,Xk
Xkr8,Xkr8
Xpc,Xpc
Xpnpep1,Xpnpep1
Xrcc5,Xrcc5
Xrcc6,Xrcc6
Xrn2,Xrn2
Ybx1,Ybx1
Ydjc,Ydjc
Ylpm1,Ylpm1
Ypel3,Ypel3
Ypel5,Ypel5
Ythdc1,Ythdc1
Ywhae,Ywhae
Ywhaq,Ywhaq
Ywhaz,Ywhaz
Zbed3,Zbed3
Zbtb1,Zbtb1
Zbtb10,Zbtb10
Zbtb16,Zbtb16
Zbtb20,Zbtb20
Zbtb38,Zbtb38
Zbtb4,Zbtb4
Zbtb46,Zbtb46
Zbtb7a,Zbtb7a
Zc3h18,Zc3h18
Zc3h6,Zc3h6
Zc3hav1,Zc3hav1
Zcchc11,Zcchc11
Zcchc6,Zcchc6
Zdhhc14,Zdhhc14
Zdhhc20,Zdhhc20
Zdhhc8,Zdhhc8
Zdhhc9,Zdhhc9
Zeb1,Zeb1
Zfand2b,Zfand2b
Zfand3,Zfand3
Zfhx2,Zfhx2
Zfhx3,Zfhx3
Zfml,Zfml
Zfp106,Zfp106
Zfp207,Zfp207
Zfp217,Zfp217
Zfp238,Zfp238
Zfp259,Zfp259
Zfp326,Zfp326
Zfp36,Zfp36
Zfp36l2,Zfp36l2
Zfp467,Zfp467
Zfp507,Zfp507
Zfp516,Zfp516
Zfp579,Zfp579
Zfp608,Zfp608
Zfp637,Zfp637
Zfp644,Zfp644
Zfp706,Zfp706
Zfp783,Zfp783
Zfp800,Zfp800
Zfp831,Zfp831
Zfp90,Zfp90
Zfp945,Zfp945
Zfpm1,Zfpm1
Zg16,Zg16
Zkscan1,Zkscan1
Zmat3,Zmat3
Zmiz1,Zmiz1
Zmynd11,Zmynd11
Zmynd8,Zmynd8
Znhit1,Znhit1
Zswim4,Zswim4
Zwint,Zwint
Zyx,Zyx
Zzef1,Zzef1
calp80,calp80
hnRNP A2/B1,hnRNP A2/B1
mFLJ00022,mFLJ00022
mKIAA0007,mKIAA0007
mKIAA0569,mKIAA0569
mKIAA0621,mKIAA0621
mKIAA1027,mKIAA1027
mKIAA1575,mKIAA1575
mKIAA1994,mKIAA1994
rp9,rp9
slc43a2,slc43a2
