file,a,b,label,masked_stress,full_geodesic_stress
sea_a0p8_pf_ctobl_ta7_tb0p04_best.npz,7.0,0.04,phase6_inner2,30008.317143395107,754821.3853453211
sea_a0p8_pf_ctobl_ta7_tb0p04_phase6_inner2.npz,7.0,0.04,phase6_inner2,30008.317143395107,754821.3853453211
sea_a0p8_pf_ctobl_ta7_tb0p04_phase5_inner4.npz,7.0,0.04,phase5_inner4,29685.94203904125,759783.0183976917
sea_a0p8_pf_ctobl_ta7_tb0p04_phase4_inner6.npz,7.0,0.04,phase4_inner6,29584.036071445495,775424.0034757874
sea_a0p8_pf_ctobl_ta7_tb0p04_phase3_inner8.npz,7.0,0.04,phase3_inner8,29328.110023919988,777493.0126960702
sea_a0p8_pf_ctobl_ta7_tb0p04_phase2_inner12.npz,7.0,0.04,phase2_inner12,29127.785052452527,797602.5139894714
sea_a0p8_pf_ctobl_ta7_tb0p04_bfine.npz,7.0,0.04,b_fine,29450.117493824644,850114.0619293988
sea_a0p8_pf_ctobl_ta7p2_tb0p04_afine.npz,7.2,0.04,a_fine,29899.213852043522,852731.3033871024
sea_a0p8_pf_ctobl_ta7_tb0p035_bfine.npz,7.0,0.035,b_fine,29180.50474047183,854161.4523719322
sea_a0p8_pf_ctobl_ta6p6_tb0p04_afine.npz,6.6,0.04,a_fine,29105.357623066666,854885.6935614155
sea_a0p8_pf_ctobl_ta7p6_tb0p04_afine.npz,7.6,0.04,a_fine,30677.434863386086,855043.4925654494
sea_a0p8_pf_ctobl_ta7p4_tb0p04_afine.npz,7.4,0.04,a_fine,30339.759549653587,857249.8112777924
sea_a0p8_pf_ctobl_ta7_tb0p045_bfine.npz,7.0,0.045,b_fine,31641.54637153385,859707.9074691425
sea_a0p8_pf_ctobl_ta7_tb0p04_asweep.npz,7.0,0.04,a_sweep,29851.838582021162,860280.1162362649
sea_a0p8_pf_ctobl_ta6p8_tb0p04_afine.npz,6.8,0.04,a_fine,29036.671840903113,863609.8790480788
sea_a0p8_pf_ctobl_ta6_tb0p05_best.npz,6.0,0.05,steep_check,25957.724691996642,870031.1796944643
sea_a0p8_pf_ctobl_ta6_tb0p05_steep_check.npz,6.0,0.05,steep_check,25957.724691996642,870031.1796944643
sea_a0p8_pf_ctobl_ta7_tb0p04_afine.npz,7.0,0.04,a_fine,29535.5845072116,876640.3522761764
sea_a0p8_pf_ctobl_ta6p5_tb0p04_asweep.npz,6.5,0.04,a_sweep,29482.692486890515,879773.3274490841
sea_a0p8_pf_ctobl_ta8_tb0p04_asweep.npz,8.0,0.04,a_sweep,32755.974577634886,881071.1224420044
sea_a0p8_pf_ctobl_ta6_tb0p04_bsweep.npz,6.0,0.04,b_sweep,29502.481433928988,883217.3522461603
sea_a0p8_pf_ctobl_ta6_tb0p05_bsweep.npz,6.0,0.05,b_sweep,30990.57875251242,883508.9211248987
sea_a0p8_pf_ctobl_ta6_tb0p05_long_refine.npz,6.0,0.05,a6_long_refine,42321.18529793648,885595.5370572922
sea_a0p8_pf_ctobl_ta5_tb0p05_steep_check.npz,5.0,0.05,steep_check,23725.647971586754,897078.8227302484
sea_a0p8_pf_ctobl_ta7_tb0p05_bfine.npz,7.0,0.05,b_fine,34405.40013005285,899298.4115865665
sea_a0p8_pf_ctobl_ta6_tb0p06_bsweep.npz,6.0,0.06,b_sweep,34967.813969394716,899509.9662797148
sea_a0p8_pf_ctobl_ta7_tb0p05_steep_check.npz,7.0,0.05,steep_check,28578.344205866557,900161.6108917653
sea_a0p8_pf_ctobl_ta7_tb0p04_phase1_inner40.npz,7.0,0.04,phase1_inner40,28662.472850521437,900855.1047767879
sea_a0p8_pf_ctobl_ta6_tb0p04_asweep.npz,6.0,0.04,a_sweep,29059.778177178363,902567.4958947076
sea_a0p8_pf_ctobl_ta7_tb0p055_bfine.npz,7.0,0.055,b_fine,37626.36339183105,906559.3050965562
sea_a0p8_pf_ctobl_ta7_tb0p03_bfine.npz,7.0,0.03,b_fine,30204.58853124894,927628.7894433626
sea_a0p8_pf_ctobl_ta5p5_tb0p04_asweep.npz,5.5,0.04,a_sweep,30540.19036030255,958225.7899210311
sea_a0p8_pf_ctobl_ta7_tb0p06_bfine.npz,7.0,0.06,b_fine,41956.53539054923,966247.6419659682
sea_a0p8_pf_ctobl_ta5_tb0p05_long_refine.npz,5.0,0.05,a5_long_refine,42638.164186398775,995401.3887962514
sea_a0p8_pf_ctobl_ta5_tb0p05_steeper_a5_b005.npz,5.0,0.05,steeper_a5_b005,45514.58776266058,1035439.5332554273
sea_a0p8_pf_ctobl_ta4p5_tb0p04_asweep.npz,4.5,0.04,a_sweep,32820.17822523242,1044759.4331819209
sea_a0p8_pf_ctobl_ta5_tb0p04_asweep.npz,5.0,0.04,a_sweep,30756.80816648157,1050331.536562363
sea_a0p8_pf_ctobl_ta6_tb0p08_bsweep.npz,6.0,0.08,b_sweep,48020.21653927422,1156397.2217606045
sea_a0p8_pf_ctobl_ta3p5_tb0p05_long_refine.npz,3.5,0.05,long_refine,48388.396343675064,1180185.5731262246
sea_a0p8_pf_ctobl_ta3p5_tb0p05_same_a35_b005_short.npz,3.5,0.05,same_a35_b005,28058.569974113943,1222469.6860220535
sea_a0p8_pf_ctobl_ta6_tb0p02_bsweep.npz,6.0,0.02,b_sweep,38763.27923186046,1294770.4902773476
sea_a0p8_pf_ctobl_ta3p5_tb0p05_same_more_global.npz,3.5,0.05,same_more_global,48686.03200920363,1349938.5919769877
sea_a0p8_pf_ctobl_ta3p5_tb0p05_more_local_a35_b005_short.npz,3.5,0.05,more_local_a35_b005,25852.469160812754,1496649.8872602624
sea_a0p8_pf_ctobl_ta3p5_tb0p15_biased_a35_b015_short.npz,3.5,0.15,biased_a35_b015,38125.197006029426,1543946.8123380737
sea_a0p8_pf_ctobl_ta3p5_tb0p05_same_more_local.npz,3.5,0.05,same_more_local,43309.15741325887,1616376.3671363462
sea_a0p8_pf_ctobl_ta2_tb0p05_softer_a2_b005_short.npz,2.0,0.05,softer_a2_b005,34505.18659079512,1955469.3401781432
sea_a0p8_pf_ctobl_ta6_tb0_bsweep.npz,6.0,0.0,b_sweep,57959.45054821949,2085230.3919045543
sea_a0p8_pf_ctobl_ta2_tb0p05_softer_a2_b005.npz,2.0,0.05,softer_a2_b005,60541.14099002213,2116147.028292347
sea_a0p8_pf_ctobl_ta1p5_tb0p05_soft_a15_b005_short.npz,1.5,0.05,soft_a15_b005,38991.23661866797,2347164.059110063
sea_a0p8_pf_ctobl_ta6_tb0p1_bsweep.npz,6.0,0.1,b_sweep,70423.61785736469,2589791.2293891297
sea_a0p8_pf_ctobl_ta6_tb0p15_bsweep.npz,6.0,0.15,b_sweep,320360.4235904666,21811164.772669267
