cell_id,paul15_clusters
W31105,7MEP
W31106,15Mo
W31107,3Ery
W31108,15Mo
W31109,3Ery
W31110,15Mo
W31111,4Ery
W31113,2Ery
W31114,3Ery
W31115,2Ery
W31116,2Ery
W31117,17Neu
W31118,14Mo
W31119,13Baso
W31120,3Ery
W31121,7MEP
W31122,3Ery
W31123,3Ery
W31124,2Ery
W31125,8Mk
W31126,3Ery
W31127,9GMP
W31128,8Mk
W31129,10GMP
W31130,15Mo
W31131,16Neu
W31132,4Ery
W31133,13Baso
W31134,17Neu
W31136,3Ery
W31137,2Ery
W31138,3Ery
W31139,5Ery
W31140,3Ery
W31141,13Baso
W31142,1Ery
W31143,3Ery
W31144,6Ery
W31145,15Mo
W31146,3Ery
W31147,3Ery
W31148,14Mo
W31150,12Baso
W31151,3Ery
W31152,14Mo
W31153,6Ery
W31154,4Ery
W31155,7MEP
W31156,2Ery
W31157,13Baso
W31158,14Mo
W31159,6Ery
W31160,18Eos
W31161,4Ery
W31162,3Ery
W31163,3Ery
W31164,14Mo
W31165,2Ery
W31166,13Baso
W31167,2Ery
W31168,13Baso
W31169,13Baso
W31170,14Mo
W31171,7MEP
W31172,7MEP
W31173,7MEP
W31174,10GMP
W31175,12Baso
W31176,6Ery
W31177,5Ery
W31178,5Ery
W31179,14Mo
W31180,4Ery
W31181,16Neu
W31182,16Neu
W31183,3Ery
W31184,2Ery
W31185,6Ery
W31186,13Baso
W31187,13Baso
W31188,10GMP
W31189,14Mo
W31190,5Ery
W31191,7MEP
W31192,7MEP
W31193,5Ery
W31194,6Ery
W31195,2Ery
W31196,10GMP
W31197,10GMP
W31198,2Ery
W31199,7MEP
W31200,6Ery
W31201,7MEP
W31202,14Mo
W31203,16Neu
W31204,10GMP
W31205,3Ery
W31206,3Ery
W31207,13Baso
W31209,1Ery
W31210,14Mo
W31211,15Mo
W31212,2Ery
W31213,5Ery
W31214,2Ery
W31215,5Ery
W31217,3Ery
W31218,14Mo
W31219,10GMP
W31220,2Ery
W31221,7MEP
W31222,4Ery
W31223,9GMP
W31224,7MEP
W31225,3Ery
W31226,16Neu
W31227,11DC
W31228,10GMP
W31229,6Ery
W31230,3Ery
W31231,2Ery
W31232,5Ery
W31233,2Ery
W31234,2Ery
W31236,5Ery
W31237,14Mo
W31238,5Ery
W31239,14Mo
W31240,3Ery
W31241,2Ery
W31242,16Neu
W31243,2Ery
W31244,13Baso
W31245,16Neu
W31246,2Ery
W31247,3Ery
W31248,3Ery
W31249,14Mo
W31250,5Ery
W31251,16Neu
W31252,14Mo
W31253,14Mo
W31254,13Baso
W31255,3Ery
W31256,14Mo
W31257,7MEP
W31259,14Mo
W31260,10GMP
W31262,2Ery
W31263,14Mo
W31264,15Mo
W31265,14Mo
W31266,16Neu
W31267,10GMP
W31268,7MEP
W31269,5Ery
W31270,16Neu
W31271,2Ery
W31272,16Neu
W31273,14Mo
W31274,10GMP
W31275,16Neu
W31276,8Mk
W31277,7MEP
W31278,14Mo
W31279,7MEP
W31280,2Ery
W31281,14Mo
W31282,14Mo
W31283,4Ery
W31284,5Ery
W31285,14Mo
W31286,14Mo
W31287,10GMP
W31288,6Ery
W31289,5Ery
W31290,14Mo
W31291,3Ery
W31292,5Ery
W31293,15Mo
W31294,5Ery
W31295,14Mo
W31296,16Neu
W31297,8Mk
W31298,3Ery
W31299,14Mo
W31300,12Baso
W31301,14Mo
W31302,3Ery
W31303,5Ery
W31305,16Neu
W31306,15Mo
W31307,13Baso
W31309,5Ery
W31310,3Ery
W31311,13Baso
W31312,12Baso
W31313,8Mk
W31314,7MEP
W31315,6Ery
W31316,2Ery
W31317,3Ery
W31318,3Ery
W31319,15Mo
W31321,3Ery
W31322,3Ery
W31323,3Ery
W31324,8Mk
W31325,2Ery
W31326,2Ery
W31327,14Mo
W31328,3Ery
W31329,15Mo
W31330,14Mo
W31331,7MEP
W31332,15Mo
W31333,3Ery
W31334,3Ery
W31335,13Baso
W31336,15Mo
W31337,3Ery
W31338,15Mo
W31339,13Baso
W31340,3Ery
W31341,15Mo
W31342,15Mo
W31343,13Baso
W31345,4Ery
W31346,3Ery
W31347,14Mo
W31348,4Ery
W31349,6Ery
W31350,16Neu
W31351,14Mo
W31353,3Ery
W31354,17Neu
W31355,15Mo
W31356,4Ery
W31357,3Ery
W31358,6Ery
W31359,14Mo
W31360,3Ery
W31361,16Neu
W31362,14Mo
W31363,15Mo
W31364,7MEP
W31365,13Baso
W31366,15Mo
W31367,14Mo
W31368,3Ery
W31369,2Ery
W31370,2Ery
W31371,14Mo
W31372,2Ery
W31373,13Baso
W31374,2Ery
W31375,3Ery
W31376,13Baso
W31377,12Baso
W31378,2Ery
W31379,10GMP
W31380,5Ery
W31381,13Baso
W31382,3Ery
W31383,9GMP
W31386,15Mo
W31387,2Ery
W31388,10GMP
W31389,5Ery
W31390,5Ery
W31391,2Ery
W31392,14Mo
W31393,13Baso
W31394,2Ery
W31395,14Mo
W31396,16Neu
W31397,12Baso
W31398,14Mo
W31399,14Mo
W31401,3Ery
W31402,14Mo
W31403,13Baso
W31405,12Baso
W31406,5Ery
W31407,10GMP
W31409,14Mo
W31410,4Ery
W31411,15Mo
W31412,11DC
W31413,3Ery
W31414,4Ery
W31415,4Ery
W31416,4Ery
W31418,4Ery
W31419,5Ery
W31420,1Ery
W31421,16Neu
W31422,14Mo
W31423,2Ery
W31424,5Ery
W31425,15Mo
W31426,5Ery
W31427,2Ery
W31428,5Ery
W31429,1Ery
W31430,7MEP
W31431,2Ery
W31432,14Mo
W31433,10GMP
W31434,2Ery
W31436,14Mo
W31437,6Ery
W31439,9GMP
W31440,3Ery
W31441,2Ery
W31442,3Ery
W31443,12Baso
W31444,2Ery
W31445,18Eos
W31446,5Ery
W31447,3Ery
W31448,15Mo
W31451,14Mo
W31452,2Ery
W31453,6Ery
W31454,14Mo
W31455,2Ery
W31456,5Ery
W31457,12Baso
W31458,7MEP
W31459,17Neu
W31460,14Mo
W31461,2Ery
W31462,5Ery
W31463,2Ery
W31464,14Mo
W31465,13Baso
W31466,15Mo
W31467,2Ery
W31468,13Baso
W31469,16Neu
W31470,5Ery
W31471,14Mo
W31472,16Neu
W31473,14Mo
W31474,16Neu
W31475,14Mo
W31476,8Mk
W31477,10GMP
W31478,14Mo
W31479,5Ery
W31480,7MEP
W31481,2Ery
W31483,14Mo
W31484,13Baso
W31485,2Ery
W31486,5Ery
W31487,14Mo
W31489,14Mo
W31491,9GMP
W31492,4Ery
W31493,10GMP
W31494,13Baso
W31495,10GMP
W31497,7MEP
W31498,10GMP
W31499,3Ery
W31500,2Ery
W31501,14Mo
W31502,10GMP
W31503,15Mo
W31504,13Baso
W31505,7MEP
W31506,6Ery
W31507,7MEP
W31508,5Ery
W31509,14Mo
W31510,13Baso
W31511,10GMP
W31512,7MEP
W31513,3Ery
W31514,7MEP
W31515,13Baso
W31516,1Ery
W31517,14Mo
W31518,13Baso
W31519,10GMP
W31520,9GMP
W31521,3Ery
W31522,13Baso
W31523,2Ery
W31524,13Baso
W31525,2Ery
W31526,6Ery
W31527,6Ery
W31528,13Baso
W31529,3Ery
W31530,13Baso
W31531,11DC
W31532,14Mo
W31533,10GMP
W31534,8Mk
W31535,9GMP
W31536,2Ery
W31537,13Baso
W31538,14Mo
W31539,13Baso
W31540,14Mo
W31541,5Ery
W31542,14Mo
W31543,5Ery
W31544,13Baso
W31545,12Baso
W31546,16Neu
W31547,11DC
W31548,13Baso
W31549,13Baso
W31550,2Ery
W31551,2Ery
W31552,14Mo
W31553,7MEP
W31554,4Ery
W31555,6Ery
W31556,13Baso
W31558,14Mo
W31559,14Mo
W31560,6Ery
W31562,12Baso
W31563,6Ery
W31564,14Mo
W31565,2Ery
W31566,13Baso
W31567,13Baso
W31568,14Mo
W31569,7MEP
W31570,7MEP
W31571,15Mo
W31572,5Ery
W31573,5Ery
W31575,5Ery
W31576,5Ery
W31577,15Mo
W31578,1Ery
W31580,13Baso
W31581,10GMP
W31583,12Baso
W31586,4Ery
W31587,7MEP
W31588,15Mo
W31590,13Baso
W31591,13Baso
W31593,3Ery
W31594,3Ery
W31595,15Mo
W31596,16Neu
W31597,13Baso
W31598,2Ery
W31599,15Mo
W31600,17Neu
W31601,15Mo
W31602,13Baso
W31603,16Neu
W31604,6Ery
W31605,5Ery
W31606,15Mo
W31607,9GMP
W31608,13Baso
W31609,15Mo
W31611,13Baso
W31613,6Ery
W31614,7MEP
W31615,12Baso
W31617,15Mo
W31618,2Ery
W31620,13Baso
W31621,10GMP
W31622,14Mo
W31623,14Mo
W31624,14Mo
W31625,15Mo
W31626,5Ery
W31628,16Neu
W31629,5Ery
W31630,14Mo
W31631,13Baso
W31632,15Mo
W31634,2Ery
W31635,2Ery
W31636,2Ery
W31638,13Baso
W31639,13Baso
W31640,5Ery
W31641,5Ery
W31642,9GMP
W31644,14Mo
W31645,7MEP
W31646,14Mo
W31647,11DC
W31648,16Neu
W31649,2Ery
W31650,2Ery
W31651,10GMP
W31652,8Mk
W31653,2Ery
W31654,5Ery
W31655,13Baso
W31656,13Baso
W31657,12Baso
W31658,7MEP
W31659,7MEP
W31660,13Baso
W31661,6Ery
W31662,5Ery
W31663,16Neu
W31664,14Mo
W31665,13Baso
W31666,2Ery
W31667,14Mo
W31668,5Ery
W31669,7MEP
W31670,10GMP
W31674,14Mo
W31676,4Ery
W31678,14Mo
W31681,12Baso
W31682,9GMP
W31683,15Mo
W31684,17Neu
W31685,7MEP
W31686,16Neu
W31687,13Baso
W31689,3Ery
W31690,15Mo
W31691,3Ery
W31692,7MEP
W31693,8Mk
W31695,3Ery
W31696,13Baso
W31697,9GMP
W31698,3Ery
W31699,3Ery
W31700,2Ery
W31701,16Neu
W31702,14Mo
W31703,16Neu
W31704,6Ery
W31705,14Mo
W31706,5Ery
W31707,14Mo
W31708,14Mo
W31711,15Mo
W31712,13Baso
W31713,14Mo
W31714,13Baso
W31715,17Neu
W31716,14Mo
W31717,1Ery
W31718,2Ery
W31719,5Ery
W31720,6Ery
W31721,15Mo
W31722,10GMP
W31723,6Ery
W31724,10GMP
W31725,7MEP
W31726,14Mo
W31727,13Baso
W31728,2Ery
W31729,14Mo
W31730,14Mo
W31731,6Ery
W31732,13Baso
W31733,14Mo
W31734,14Mo
W31735,2Ery
W31736,6Ery
W31737,13Baso
W31738,10GMP
W31739,15Mo
W31740,16Neu
W31741,10GMP
W31742,1Ery
W31743,14Mo
W31744,12Baso
W31745,10GMP
W31746,12Baso
W31748,16Neu
W31749,10GMP
W31750,13Baso
W31751,16Neu
W31752,6Ery
W31755,5Ery
W31756,10GMP
W31758,13Baso
W31760,14Mo
W31761,5Ery
W31762,13Baso
W31764,13Baso
W31765,13Baso
W31767,13Baso
W31768,4Ery
W31771,12Baso
W31773,10GMP
W31774,11DC
W31775,1Ery
W31777,3Ery
W31778,6Ery
W31779,6Ery
W31780,2Ery
W31781,2Ery
W31782,13Baso
W31783,3Ery
W31785,15Mo
W31786,2Ery
W31787,10GMP
W31788,5Ery
W31789,13Baso
W31791,9GMP
W31792,9GMP
W31793,12Baso
W31794,17Neu
W31795,6Ery
W31796,7MEP
W31797,6Ery
W31798,14Mo
W31799,14Mo
W31801,13Baso
W31802,13Baso
W31803,2Ery
W31804,13Baso
W31805,7MEP
W31806,3Ery
W31807,13Baso
W31808,15Mo
W31809,13Baso
W31810,11DC
W31811,17Neu
W31812,13Baso
W31813,14Mo
W31814,2Ery
W31815,11DC
W31816,13Baso
W31817,13Baso
W31818,2Ery
W31819,2Ery
W31820,16Neu
W31821,14Mo
W31822,10GMP
W31823,16Neu
W31824,13Baso
W31825,10GMP
W31826,16Neu
W31827,2Ery
W31828,14Mo
W31829,12Baso
W31830,9GMP
W31831,2Ery
W31832,2Ery
W31834,2Ery
W31835,6Ery
W31836,13Baso
W31837,14Mo
W31838,2Ery
W31839,5Ery
W31840,16Neu
W31841,6Ery
W31842,13Baso
W31845,14Mo
W31846,5Ery
W31847,5Ery
W31849,2Ery
W31850,4Ery
W31851,2Ery
W31854,10GMP
W31855,5Ery
W31856,13Baso
W31857,13Baso
W31858,2Ery
W31859,12Baso
W31860,12Baso
W31861,15Mo
W31864,13Baso
W31865,13Baso
W31866,13Baso
W31868,13Baso
W31870,10GMP
W31871,14Mo
W31872,13Baso
W36865,7MEP
W36866,13Baso
W36867,9GMP
W36868,14Mo
W36869,1Ery
W36871,3Ery
W36873,13Baso
W36874,13Baso
W36875,15Mo
W36876,2Ery
W36877,13Baso
W36878,5Ery
W36879,14Mo
W36881,3Ery
W36882,6Ery
W36883,2Ery
W36885,15Mo
W36886,12Baso
W36887,7MEP
W36889,2Ery
W36890,8Mk
W36891,14Mo
W36892,14Mo
W36893,8Mk
W36894,5Ery
W36895,14Mo
W36897,2Ery
W36898,3Ery
W36899,9GMP
W36900,5Ery
W36901,3Ery
W36902,5Ery
W36903,14Mo
W36905,2Ery
W36906,2Ery
W36907,14Mo
W36908,16Neu
W36909,9GMP
W36910,16Neu
W36911,15Mo
W36912,10GMP
W36913,3Ery
W36914,14Mo
W36915,8Mk
W36916,14Mo
W36917,15Mo
W36918,16Neu
W36919,5Ery
W36920,14Mo
W36921,16Neu
W36922,4Ery
W36923,2Ery
W36924,13Baso
W36925,14Mo
W36926,13Baso
W36927,5Ery
W36928,13Baso
W36929,7MEP
W36930,15Mo
W36931,6Ery
W36932,16Neu
W36933,15Mo
W36934,12Baso
W36935,6Ery
W36936,13Baso
W36939,14Mo
W36940,16Neu
W36941,14Mo
W36942,14Mo
W36943,2Ery
W36944,6Ery
W36945,6Ery
W36946,13Baso
W36947,14Mo
W36948,16Neu
W36949,2Ery
W36950,2Ery
W36951,5Ery
W36952,2Ery
W36953,5Ery
W36954,1Ery
W36955,13Baso
W36956,14Mo
W36957,14Mo
W36958,16Neu
W36959,1Ery
W36960,6Ery
W36961,14Mo
W36962,14Mo
W36963,15Mo
W36964,13Baso
W36966,15Mo
W36967,1Ery
W36969,8Mk
W36970,15Mo
W36971,14Mo
W36972,10GMP
W36973,9GMP
W36974,4Ery
W36975,15Mo
W36976,4Ery
W36977,11DC
W36978,2Ery
W36979,14Mo
W36980,14Mo
W36981,8Mk
W36982,13Baso
W36983,6Ery
W36984,13Baso
W36985,4Ery
W36987,13Baso
W36990,15Mo
W36991,13Baso
W36992,4Ery
W36993,2Ery
W36994,16Neu
W36995,2Ery
W36996,5Ery
W36997,2Ery
W36998,5Ery
W36999,10GMP
W37000,13Baso
W37001,13Baso
W37003,8Mk
W37004,16Neu
W37005,13Baso
W37006,7MEP
W37008,4Ery
W37009,13Baso
W37010,6Ery
W37011,2Ery
W37012,14Mo
W37013,16Neu
W37014,2Ery
W37015,13Baso
W37016,14Mo
W37017,6Ery
W37018,2Ery
W37019,2Ery
W37020,2Ery
W37022,8Mk
W37023,2Ery
W37024,4Ery
W37025,14Mo
W37026,17Neu
W37027,5Ery
W37028,13Baso
W37029,7MEP
W37030,3Ery
W37031,5Ery
W37032,13Baso
W37034,8Mk
W37035,6Ery
W37036,5Ery
W37037,5Ery
W37038,11DC
W37039,5Ery
W37040,15Mo
W37041,2Ery
W37042,2Ery
W37043,15Mo
W37044,15Mo
W37045,13Baso
W37046,14Mo
W37047,14Mo
W37048,14Mo
W37049,5Ery
W37050,7MEP
W37051,3Ery
W37052,2Ery
W37053,7MEP
W37054,1Ery
W37055,14Mo
W37056,2Ery
W37057,15Mo
W37058,13Baso
W37059,4Ery
W37060,13Baso
W37061,6Ery
W37063,9GMP
W37065,3Ery
W37066,6Ery
W37067,1Ery
W37068,4Ery
W37069,13Baso
W37070,9GMP
W37072,7MEP
W37073,14Mo
W37074,13Baso
W37075,13Baso
W37077,10GMP
W37078,9GMP
W37079,5Ery
W37080,16Neu
W37081,14Mo
W37082,15Mo
W37083,2Ery
W37084,3Ery
W37085,13Baso
W37086,6Ery
W37087,4Ery
W37088,3Ery
W37089,16Neu
W37090,9GMP
W37091,9GMP
W37092,12Baso
W37093,7MEP
W37094,16Neu
W37095,6Ery
W37096,13Baso
W37097,17Neu
W37098,14Mo
W37099,3Ery
W37100,16Neu
W37101,13Baso
W37102,14Mo
W37103,3Ery
W37104,14Mo
W37105,16Neu
W37106,2Ery
W37107,18Eos
W37108,7MEP
W37109,7MEP
W37110,5Ery
W37111,16Neu
W37112,2Ery
W37113,5Ery
W37114,13Baso
W37115,6Ery
W37116,14Mo
W37117,12Baso
W37118,13Baso
W37119,5Ery
W37120,2Ery
W37121,2Ery
W37122,14Mo
W37123,16Neu
W37124,14Mo
W37125,1Ery
W37126,11DC
W37127,1Ery
W37128,13Baso
W37130,3Ery
W37131,5Ery
W37132,16Neu
W37133,16Neu
W37134,6Ery
W37135,1Ery
W37137,14Mo
W37138,16Neu
W37139,2Ery
W37140,10GMP
W37141,5Ery
W37142,14Mo
W37143,2Ery
W37144,6Ery
W37145,5Ery
W37146,1Ery
W37147,5Ery
W37148,15Mo
W37150,10GMP
W37151,2Ery
W37152,5Ery
W37153,7MEP
W37154,6Ery
W37155,11DC
W37156,4Ery
W37157,15Mo
W37158,3Ery
W37159,2Ery
W37161,7MEP
W37162,1Ery
W37163,7MEP
W37164,5Ery
W37165,3Ery
W37166,3Ery
W37167,13Baso
W37168,3Ery
W37169,15Mo
W37170,15Mo
W37171,4Ery
W37172,14Mo
W37173,2Ery
W37174,2Ery
W37175,16Neu
W37176,13Baso
W37177,14Mo
W37178,5Ery
W37179,16Neu
W37180,14Mo
W37181,16Neu
W37182,8Mk
W37183,7MEP
W37184,8Mk
W37185,14Mo
W37186,10GMP
W37187,5Ery
W37188,10GMP
W37190,3Ery
W37191,13Baso
W37192,14Mo
W37193,3Ery
W37194,2Ery
W37195,2Ery
W37196,14Mo
W37197,2Ery
W37198,6Ery
W37199,4Ery
W37200,15Mo
W37201,13Baso
W37202,6Ery
W37203,12Baso
W37204,16Neu
W37205,14Mo
W37206,15Mo
W37207,13Baso
W37208,2Ery
W37209,14Mo
W37210,14Mo
W37211,12Baso
W37212,10GMP
W37213,7MEP
W37215,2Ery
W37216,4Ery
W37217,3Ery
W37218,16Neu
W37219,5Ery
W37220,2Ery
W37221,3Ery
W37223,2Ery
W37224,14Mo
W37225,14Mo
W37226,8Mk
W37227,5Ery
W37228,7MEP
W37229,7MEP
W37230,16Neu
W37231,2Ery
W37232,13Baso
W37233,5Ery
W37234,5Ery
W37235,14Mo
W37236,6Ery
W37237,14Mo
W37238,7MEP
W37239,2Ery
W37240,13Baso
W37241,2Ery
W37242,14Mo
W37243,2Ery
W37244,15Mo
W37245,3Ery
W37246,5Ery
W37247,10GMP
W37248,6Ery
W37249,15Mo
W37250,1Ery
W37251,4Ery
W37252,12Baso
W37253,4Ery
W37258,13Baso
W37259,6Ery
W37260,3Ery
W37261,8Mk
W37262,6Ery
W37264,3Ery
W37265,3Ery
W37266,4Ery
W37267,16Neu
W37268,7MEP
W37269,3Ery
W37270,15Mo
W37273,10GMP
W37274,12Baso
W37275,3Ery
W37276,3Ery
W37277,14Mo
W37278,9GMP
W37279,12Baso
W37280,15Mo
W37281,15Mo
W37282,2Ery
W37283,14Mo
W37284,4Ery
W37285,3Ery
W37286,14Mo
W37288,14Mo
W37289,8Mk
W37290,16Neu
W37291,10GMP
W37292,2Ery
W37293,2Ery
W37294,3Ery
W37295,9GMP
W37296,15Mo
W37297,14Mo
W37298,5Ery
W37300,14Mo
W37301,2Ery
W37302,13Baso
W37303,14Mo
W37304,14Mo
W37305,14Mo
W37306,2Ery
W37307,2Ery
W37308,13Baso
W37309,6Ery
W37310,7MEP
W37311,7MEP
W37312,13Baso
W37313,3Ery
W37314,3Ery
W37315,14Mo
W37317,2Ery
W37318,2Ery
W37319,8Mk
W37320,7MEP
W37322,16Neu
W37323,5Ery
W37324,14Mo
W37325,2Ery
W37326,14Mo
W37327,8Mk
W37328,7MEP
W37330,14Mo
W37331,12Baso
W37332,13Baso
W37334,12Baso
W37335,13Baso
W37336,4Ery
W37337,14Mo
W37338,2Ery
W37339,5Ery
W37340,11DC
W37341,16Neu
W37342,3Ery
W37343,11DC
W37344,3Ery
W37345,4Ery
W37346,3Ery
W37347,6Ery
W37348,15Mo
W37349,17Neu
W37350,14Mo
W37353,4Ery
W37354,9GMP
W37355,7MEP
W37356,7MEP
W37357,14Mo
W37358,13Baso
W37361,4Ery
W37362,13Baso
W37363,14Mo
W37364,3Ery
W37365,2Ery
W37366,3Ery
W37367,14Mo
W37369,6Ery
W37371,2Ery
W37372,10GMP
W37373,13Baso
W37374,5Ery
W37375,7MEP
W37376,13Baso
W37377,3Ery
W37378,2Ery
W37379,14Mo
W37380,3Ery
W37381,2Ery
W37382,10GMP
W37384,13Baso
W37385,14Mo
W37386,4Ery
W37387,5Ery
W37388,18Eos
W37389,2Ery
W37390,14Mo
W37391,3Ery
W37392,13Baso
W37393,5Ery
W37394,12Baso
W37395,5Ery
W37396,2Ery
W37397,7MEP
W37398,5Ery
W37399,16Neu
W37401,15Mo
W37402,14Mo
W37403,5Ery
W37405,16Neu
W37406,2Ery
W37407,2Ery
W37409,6Ery
W37410,2Ery
W37411,5Ery
W37412,14Mo
W37413,2Ery
W37414,3Ery
W37415,5Ery
W37417,16Neu
W37418,10GMP
W37419,14Mo
W37420,1Ery
W37421,2Ery
W37422,3Ery
W37424,15Mo
W37425,7MEP
W37426,4Ery
W37427,7MEP
W37428,5Ery
W37429,2Ery
W37430,13Baso
W37431,14Mo
W37432,15Mo
W37433,2Ery
W37434,14Mo
W37435,6Ery
W37436,12Baso
W37437,2Ery
W37442,6Ery
W37443,14Mo
W37446,6Ery
W37449,17Neu
W37450,6Ery
W37451,6Ery
W37452,9GMP
W37453,3Ery
W37454,14Mo
W37455,6Ery
W37456,15Mo
W37457,15Mo
W37458,13Baso
W37459,3Ery
W37460,16Neu
W37461,7MEP
W37462,3Ery
W37463,13Baso
W37465,3Ery
W37466,14Mo
W37467,14Mo
W37468,8Mk
W37469,16Neu
W37470,14Mo
W37471,17Neu
W37473,3Ery
W37474,5Ery
W37475,10GMP
W37476,16Neu
W37477,2Ery
W37478,14Mo
W37479,6Ery
W37480,14Mo
W37481,13Baso
W37482,5Ery
W37483,10GMP
W37484,7MEP
W37485,2Ery
W37486,2Ery
W37487,2Ery
W37488,14Mo
W37489,7MEP
W37490,8Mk
W37491,14Mo
W37492,2Ery
W37493,2Ery
W37494,14Mo
W37496,13Baso
W37497,7MEP
W37498,4Ery
W37499,13Baso
W37500,13Baso
W37501,5Ery
W37502,2Ery
W37503,18Eos
W37504,15Mo
W37505,5Ery
W37506,7MEP
W37507,2Ery
W37508,13Baso
W37509,14Mo
W37510,6Ery
W37511,5Ery
W37512,4Ery
W37514,13Baso
W37515,7MEP
W37516,5Ery
W37517,5Ery
W37518,10GMP
W37519,16Neu
W37520,2Ery
W37521,14Mo
W37522,3Ery
W37523,2Ery
W37524,10GMP
W37525,16Neu
W37526,8Mk
W37527,6Ery
W37528,15Mo
W37529,5Ery
W37530,10GMP
W37531,7MEP
W37532,14Mo
W37534,2Ery
W37535,15Mo
W37537,3Ery
W37538,6Ery
W37539,1Ery
W37540,2Ery
W37541,3Ery
W37542,4Ery
W37545,6Ery
W37546,13Baso
W37548,3Ery
W37549,5Ery
W37551,14Mo
W37552,13Baso
W37553,13Baso
W37554,3Ery
W37555,4Ery
W37557,7MEP
W37558,10GMP
W37559,11DC
W37561,3Ery
W37562,13Baso
W37563,2Ery
W37564,13Baso
W37565,2Ery
W37566,4Ery
W37567,10GMP
W37568,16Neu
W37569,14Mo
W37570,16Neu
W37572,10GMP
W37573,2Ery
W37574,2Ery
W37575,6Ery
W37577,3Ery
W37578,14Mo
W37579,14Mo
W37580,15Mo
W37581,10GMP
W37582,13Baso
W37583,3Ery
W37584,7MEP
W37585,13Baso
W37586,2Ery
W37587,14Mo
W37588,14Mo
W37589,15Mo
W37591,4Ery
W37593,15Mo
W37594,14Mo
W37595,10GMP
W37596,13Baso
W37597,16Neu
W37599,8Mk
W37601,13Baso
W37602,5Ery
W37603,6Ery
W37604,14Mo
W37605,2Ery
W37606,6Ery
W37607,3Ery
W37608,14Mo
W37609,7MEP
W37610,7MEP
W37611,14Mo
W37612,5Ery
W37613,13Baso
W37614,2Ery
W37615,16Neu
W37617,12Baso
W37618,14Mo
W37619,8Mk
W37620,4Ery
W37621,3Ery
W37622,2Ery
W37624,14Mo
W37625,7MEP
W37627,7MEP
W37628,10GMP
W37629,13Baso
W37630,2Ery
W37631,2Ery
W37633,3Ery
W37634,3Ery
W37635,6Ery
W37642,7MEP
W37644,8Mk
W37650,2Ery
W37651,1Ery
W37653,9GMP
W37654,13Baso
W37657,15Mo
W37658,6Ery
W37660,13Baso
W37661,3Ery
W37663,16Neu
W37664,14Mo
W37665,5Ery
W37666,7MEP
W37667,13Baso
W37668,4Ery
W37669,13Baso
W37670,2Ery
W37673,15Mo
W37674,7MEP
W37675,3Ery
W37676,10GMP
W37680,13Baso
W37682,3Ery
W37683,1Ery
W37684,13Baso
W37685,13Baso
W37686,7MEP
W37687,16Neu
W37689,14Mo
W37691,3Ery
W37692,2Ery
W37693,1Ery
W37694,13Baso
W37696,15Mo
W37698,8Mk
W37699,2Ery
W37700,14Mo
W37701,14Mo
W37702,14Mo
W37704,9GMP
W37706,14Mo
W37707,14Mo
W37708,2Ery
W37709,7MEP
W37710,2Ery
W37711,16Neu
W37712,10GMP
W37713,6Ery
W37714,2Ery
W37715,15Mo
W37716,14Mo
W37717,15Mo
W37718,3Ery
W37719,12Baso
W37720,2Ery
W37721,13Baso
W37722,13Baso
W37723,7MEP
W37724,6Ery
W37725,5Ery
W37726,2Ery
W37728,14Mo
W37729,12Baso
W37730,2Ery
W37731,16Neu
W37737,4Ery
W37738,6Ery
W37739,13Baso
W37745,4Ery
W37746,2Ery
W37747,4Ery
W37748,15Mo
W37753,1Ery
W37754,15Mo
W37756,13Baso
W37758,15Mo
W37759,3Ery
W37761,6Ery
W37762,12Baso
W37763,12Baso
W37764,13Baso
W37765,5Ery
W37766,16Neu
W37769,6Ery
W37770,13Baso
W37771,2Ery
W37772,14Mo
W37776,3Ery
W37777,14Mo
W37778,8Mk
W37779,2Ery
W37780,9GMP
W37781,4Ery
W37782,3Ery
W37786,3Ery
W37788,14Mo
W37790,2Ery
W37793,10GMP
W37794,16Neu
W37795,6Ery
W37796,14Mo
W37797,16Neu
W37798,5Ery
W37799,10GMP
W37800,16Neu
W37801,12Baso
W37802,11DC
W37803,15Mo
W37804,2Ery
W37805,13Baso
W37806,7MEP
W37807,13Baso
W37809,13Baso
W37811,2Ery
W37812,6Ery
W37813,14Mo
W37817,5Ery
W37818,16Neu
W37819,5Ery
W37820,6Ery
W37821,18Eos
W37822,14Mo
W37825,14Mo
W37826,13Baso
W37828,15Mo
W37830,2Ery
W37833,2Ery
W37835,13Baso
W37838,3Ery
W37841,2Ery
W37842,15Mo
W37843,12Baso
W37844,7MEP
W37847,3Ery
W37848,4Ery
W37849,15Mo
W37850,14Mo
W37851,4Ery
W37852,4Ery
W37853,13Baso
W37854,9GMP
W37857,12Baso
W37858,2Ery
W37859,4Ery
W37860,9GMP
W37861,16Neu
W37863,16Neu
W37864,2Ery
W37865,2Ery
W37866,16Neu
W37867,7MEP
W37868,14Mo
W37870,14Mo
W37872,14Mo
W37873,5Ery
W37874,5Ery
W37875,3Ery
W37876,3Ery
W37878,2Ery
W37879,18Eos
W37880,14Mo
W37881,3Ery
W37882,14Mo
W37883,14Mo
W37885,12Baso
W37886,14Mo
W37887,4Ery
W37888,3Ery
W37889,14Mo
W37890,7MEP
W37891,5Ery
W37892,12Baso
W37893,2Ery
W37894,15Mo
W37895,14Mo
W37896,3Ery
W37898,14Mo
W37899,2Ery
W37900,3Ery
W37901,2Ery
W37902,16Neu
W37903,7MEP
W37904,2Ery
W37906,10GMP
W37907,7MEP
W37908,5Ery
W37909,5Ery
W37910,13Baso
W37913,6Ery
W37914,7MEP
W37915,3Ery
W37916,10GMP
W37917,5Ery
W37918,5Ery
W37919,1Ery
W37921,13Baso
W37922,15Mo
W37923,3Ery
W37924,6Ery
W37929,14Mo
W37930,11DC
W37935,3Ery
W37937,3Ery
W37938,3Ery
W37939,16Neu
W37940,3Ery
W37941,9GMP
W37942,14Mo
W37943,12Baso
W37945,9GMP
W37946,14Mo
W37948,14Mo
W37951,8Mk
W37952,5Ery
W37953,15Mo
W37954,15Mo
W37955,3Ery
W37956,16Neu
W37957,15Mo
W37959,4Ery
W37960,3Ery
W37961,8Mk
W37962,15Mo
W37963,14Mo
W37964,5Ery
W37965,3Ery
W37967,4Ery
W37969,2Ery
W37970,8Mk
W37971,7MEP
W37972,10GMP
W37974,15Mo
W37975,14Mo
W37977,13Baso
W37978,3Ery
W37979,7MEP
W37980,2Ery
W37982,13Baso
W37983,2Ery
W37984,10GMP
W37985,2Ery
W37986,2Ery
W37988,2Ery
W37989,12Baso
W37990,14Mo
W37991,1Ery
W37992,14Mo
W37993,14Mo
W37994,2Ery
W37995,14Mo
W37996,16Neu
W37997,14Mo
W38000,8Mk
W38001,16Neu
W38002,16Neu
W38003,2Ery
W38004,8Mk
W38005,5Ery
W38006,6Ery
W38008,15Mo
W38009,13Baso
W38010,5Ery
W38011,14Mo
W38012,5Ery
W38013,6Ery
W38014,16Neu
W38017,3Ery
W38018,15Mo
W38019,7MEP
W38020,7MEP
W38021,10GMP
W38022,14Mo
W38023,3Ery
W38025,4Ery
W38026,13Baso
W38027,15Mo
W38028,11DC
W38030,17Neu
W38031,4Ery
W38032,6Ery
W38033,3Ery
W38034,3Ery
W38035,7MEP
W38036,8Mk
W38037,6Ery
W38038,11DC
W38039,16Neu
W38040,3Ery
W38041,14Mo
W38042,4Ery
W38043,4Ery
W38044,11DC
W38045,3Ery
W38046,14Mo
W38047,15Mo
W38048,3Ery
W38049,10GMP
W38050,6Ery
W38051,2Ery
W38052,16Neu
W38053,15Mo
W38054,7MEP
W38055,3Ery
W38056,10GMP
W38057,3Ery
W38058,14Mo
W38059,7MEP
W38060,6Ery
W38061,10GMP
W38062,10GMP
W38063,3Ery
W38064,7MEP
W38065,2Ery
W38066,4Ery
W38067,7MEP
W38068,13Baso
W38069,6Ery
W38070,15Mo
W38071,8Mk
W38072,10GMP
W38073,4Ery
W38074,4Ery
W38075,3Ery
W38076,7MEP
W38077,2Ery
W38078,16Neu
W38079,3Ery
W38080,3Ery
W38081,6Ery
W38082,6Ery
W38083,7MEP
W38084,4Ery
W38085,16Neu
W38086,2Ery
W38087,13Baso
W38088,10GMP
W38090,3Ery
W38091,3Ery
W38092,10GMP
W38093,6Ery
W38094,14Mo
W38095,15Mo
W38096,7MEP
W38097,13Baso
W38098,14Mo
W38100,14Mo
W38101,14Mo
W38102,2Ery
W38103,16Neu
W38104,7MEP
W38105,14Mo
W38106,10GMP
W38107,14Mo
W38108,6Ery
W38109,14Mo
W38110,16Neu
W38111,2Ery
W38112,10GMP
W38113,16Neu
W38114,14Mo
W38115,14Mo
W38116,5Ery
W38117,12Baso
W38118,4Ery
W38119,3Ery
W38121,13Baso
W38123,2Ery
W38124,4Ery
W38125,4Ery
W38126,3Ery
W38127,3Ery
W38128,13Baso
W38129,12Baso
W38130,14Mo
W38131,16Neu
W38132,3Ery
W38133,5Ery
W38134,6Ery
W38135,7MEP
W38136,4Ery
W38137,4Ery
W38138,5Ery
W38140,14Mo
W38141,14Mo
W38142,2Ery
W38143,12Baso
W38144,3Ery
W38145,5Ery
W38146,2Ery
W38147,2Ery
W38148,16Neu
W38149,7MEP
W38150,5Ery
W38151,2Ery
W38152,7MEP
W38153,3Ery
W38154,4Ery
W38155,2Ery
W38156,5Ery
W38157,10GMP
W38158,1Ery
W38159,10GMP
W38160,11DC
W38161,16Neu
W38162,2Ery
W38163,2Ery
W38164,2Ery
W38165,5Ery
W38166,5Ery
W38167,14Mo
W38168,14Mo
W38169,16Neu
W38170,10GMP
W38171,14Mo
W38172,14Mo
W38173,4Ery
W38175,2Ery
W38176,6Ery
W38177,2Ery
W38180,16Neu
W38181,1Ery
W38182,13Baso
W38183,3Ery
W38184,15Mo
W38185,3Ery
W38186,5Ery
W38187,2Ery
W38188,2Ery
W38189,16Neu
W38190,4Ery
W38191,12Baso
W38192,3Ery
W38193,12Baso
W38194,14Mo
W38195,15Mo
W38196,14Mo
W38197,10GMP
W38198,6Ery
W38199,12Baso
W38200,2Ery
W38201,3Ery
W38202,4Ery
W38203,7MEP
W38204,4Ery
W38205,15Mo
W38206,2Ery
W38207,7MEP
W38208,14Mo
W38209,3Ery
W38210,13Baso
W38211,3Ery
W38212,15Mo
W38213,15Mo
W38214,13Baso
W38215,14Mo
W38217,4Ery
W38218,14Mo
W38219,6Ery
W38220,3Ery
W38221,14Mo
W38222,8Mk
W38223,8Mk
W38224,7MEP
W38225,15Mo
W38226,15Mo
W38227,13Baso
W38228,16Neu
W38229,6Ery
W38230,3Ery
W38231,2Ery
W38232,13Baso
W38233,3Ery
W38234,3Ery
W38235,13Baso
W38236,11DC
W38237,10GMP
W38238,4Ery
W38239,2Ery
W38240,7MEP
W38241,7MEP
W38242,6Ery
W38243,3Ery
W38244,16Neu
W38245,7MEP
W38246,14Mo
W38247,3Ery
W38248,6Ery
W38249,9GMP
W38250,12Baso
W38251,3Ery
W38252,14Mo
W38253,10GMP
W38254,4Ery
W38255,7MEP
W38256,6Ery
W38257,14Mo
W38258,14Mo
W38259,4Ery
W38260,3Ery
W38261,3Ery
W38262,2Ery
W38263,16Neu
W38264,3Ery
W38266,7MEP
W38267,18Eos
W38268,6Ery
W38269,13Baso
W38270,4Ery
W38271,10GMP
W38272,6Ery
W38273,2Ery
W38274,12Baso
W38275,1Ery
W38276,4Ery
W38277,13Baso
W38278,14Mo
W38279,14Mo
W38280,13Baso
W38282,3Ery
W38283,3Ery
W38284,16Neu
W38285,15Mo
W38286,14Mo
W38287,3Ery
W38288,6Ery
W38289,2Ery
W38290,10GMP
W38291,14Mo
W38292,5Ery
W38293,4Ery
W38294,15Mo
W38295,13Baso
W38296,15Mo
W38297,13Baso
W38298,14Mo
W38299,12Baso
W38300,16Neu
W38301,13Baso
W38302,6Ery
W38303,15Mo
W38304,4Ery
W38305,14Mo
W38306,13Baso
W38307,15Mo
W38308,3Ery
W38309,10GMP
W38310,13Baso
W38311,4Ery
W38313,8Mk
W38314,3Ery
W38315,14Mo
W38316,15Mo
W38318,16Neu
W38319,15Mo
W38320,9GMP
W38321,16Neu
W38322,12Baso
W38323,10GMP
W38324,14Mo
W38326,14Mo
W38327,14Mo
W38328,7MEP
W38329,15Mo
W38330,17Neu
W38331,2Ery
W38332,14Mo
W38333,14Mo
W38334,4Ery
W38335,6Ery
W38336,15Mo
W38337,2Ery
W38338,2Ery
W38339,5Ery
W38340,2Ery
W38341,2Ery
W38342,14Mo
W38343,2Ery
W38344,14Mo
W38345,15Mo
W38346,5Ery
W38347,6Ery
W38348,13Baso
W38349,6Ery
W38350,13Baso
W38351,5Ery
W38352,15Mo
W38353,3Ery
W38354,10GMP
W38355,2Ery
W38356,14Mo
W38357,2Ery
W38358,14Mo
W38359,2Ery
W38360,2Ery
W38361,2Ery
W38362,5Ery
W38363,14Mo
W38364,1Ery
W38365,5Ery
W38366,4Ery
W38367,2Ery
W38368,10GMP
W38369,2Ery
W38370,2Ery
W38372,7MEP
W38373,2Ery
W38374,7MEP
W38375,1Ery
W38376,7MEP
W38377,9GMP
W38379,2Ery
W38380,17Neu
W38381,14Mo
W38382,14Mo
W38383,13Baso
W38384,7MEP
W38385,16Neu
W38386,2Ery
W38387,2Ery
W38388,7MEP
W38389,6Ery
W38390,14Mo
W38391,4Ery
W38392,6Ery
W38393,2Ery
W38394,4Ery
W38395,1Ery
W38396,5Ery
W38398,8Mk
W38399,4Ery
W38400,6Ery
W38401,13Baso
W38402,6Ery
W38403,13Baso
W38404,7MEP
W38405,3Ery
W38406,3Ery
W38407,13Baso
W38409,3Ery
W38410,15Mo
W38411,14Mo
W38412,6Ery
W38413,10GMP
W38414,16Neu
W38415,4Ery
W38416,14Mo
W38417,14Mo
W38418,10GMP
W38419,3Ery
W38420,10GMP
W38421,14Mo
W38422,3Ery
W38423,4Ery
W38425,14Mo
W38426,3Ery
W38427,15Mo
W38428,15Mo
W38429,10GMP
W38430,15Mo
W38431,15Mo
W38433,14Mo
W38434,13Baso
W38435,16Neu
W38436,14Mo
W38437,4Ery
W38438,14Mo
W38439,9GMP
W38440,3Ery
W38441,14Mo
W38443,3Ery
W38444,10GMP
W38445,16Neu
W38446,16Neu
W38447,13Baso
W38448,1Ery
W38449,6Ery
W38450,2Ery
W38451,14Mo
W38452,2Ery
W38453,14Mo
W38454,5Ery
W38455,2Ery
W38456,9GMP
W38457,13Baso
W38458,2Ery
W38459,3Ery
W38460,16Neu
W38461,13Baso
W38462,14Mo
W38463,4Ery
W38464,3Ery
W38465,6Ery
W38466,7MEP
W38467,10GMP
W38468,4Ery
W38469,2Ery
W38470,16Neu
W38471,12Baso
W38474,7MEP
W38475,13Baso
W38477,4Ery
W38478,7MEP
W38480,4Ery
W38481,12Baso
W38482,5Ery
W38483,2Ery
W38484,2Ery
W38485,9GMP
W38486,1Ery
W38487,11DC
W38488,3Ery
W38489,14Mo
W38491,16Neu
W38492,2Ery
W38493,5Ery
W38494,14Mo
W38495,15Mo
W38496,9GMP
W38497,9GMP
W38498,14Mo
W38500,2Ery
W38501,4Ery
W38502,5Ery
W38503,4Ery
W38505,3Ery
W38506,16Neu
W38507,2Ery
W38509,16Neu
W38510,2Ery
W38512,13Baso
W38515,2Ery
W38516,6Ery
W38517,6Ery
W38519,14Mo
W38521,2Ery
W38522,2Ery
W38523,8Mk
W38524,8Mk
W38525,14Mo
W38526,14Mo
W38527,1Ery
W38528,4Ery
W38529,7MEP
W38530,16Neu
W38531,16Neu
W38532,14Mo
W38533,3Ery
W38534,2Ery
W38535,16Neu
W38536,17Neu
W38537,6Ery
W38538,2Ery
W38539,14Mo
W38540,16Neu
W38541,7MEP
W38543,2Ery
W38544,3Ery
W38545,2Ery
W38546,6Ery
W38547,6Ery
W38548,6Ery
W38549,10GMP
W38550,12Baso
W38551,12Baso
W38552,4Ery
W38553,2Ery
W38554,4Ery
W38555,2Ery
W38556,14Mo
W38558,3Ery
W38559,6Ery
W38560,3Ery
W38561,10GMP
W38563,2Ery
W38564,14Mo
W38565,16Neu
W38567,18Eos
W38568,13Baso
W38569,6Ery
W38570,14Mo
W38571,13Baso
W38572,2Ery
W38573,2Ery
W38575,5Ery
W38576,10GMP
W38577,5Ery
W38578,14Mo
W38579,13Baso
W38580,14Mo
W38581,16Neu
W38582,2Ery
W38583,10GMP
W38584,4Ery
W38585,16Neu
W38586,6Ery
W38587,15Mo
W38588,14Mo
W38589,12Baso
W38590,7MEP
W38591,10GMP
W38592,15Mo
W38593,3Ery
W38594,15Mo
W38595,3Ery
W38596,9GMP
W38597,2Ery
W38598,7MEP
W38599,3Ery
W38601,13Baso
W38602,16Neu
W38603,13Baso
W38604,2Ery
W38605,15Mo
W38606,7MEP
W38607,6Ery
W38608,5Ery
W38609,13Baso
W38610,10GMP
W38611,9GMP
W38612,13Baso
W38613,13Baso
W38614,12Baso
W38615,5Ery
W38616,13Baso
W38617,15Mo
W38618,14Mo
W38619,10GMP
W38620,15Mo
W38622,4Ery
W38623,5Ery
W38624,8Mk
W38625,13Baso
W38626,7MEP
W38627,14Mo
W38628,14Mo
W38629,2Ery
W38630,6Ery
W38631,2Ery
W38632,13Baso
W38633,7MEP
W38634,16Neu
W38636,14Mo
W38637,3Ery
W38638,16Neu
W38640,10GMP
W38643,12Baso
W38644,10GMP
W38645,13Baso
W38646,1Ery
W38647,16Neu
W38648,6Ery
W38649,14Mo
W38650,2Ery
W38651,14Mo
W38652,10GMP
W38653,14Mo
W38654,16Neu
W38655,9GMP
W38656,3Ery
W38657,3Ery
W38659,14Mo
W38660,2Ery
W38662,12Baso
W38663,9GMP
W38664,1Ery
W38666,3Ery
W38668,5Ery
W38669,2Ery
W38670,8Mk
W38672,2Ery
W38673,16Neu
W38674,5Ery
W38675,10GMP
W38676,13Baso
W38677,16Neu
W38678,14Mo
W38679,2Ery
W38680,5Ery
W38681,15Mo
W38682,7MEP
W38683,15Mo
W38684,5Ery
W38685,6Ery
W38686,5Ery
W38687,2Ery
W38688,3Ery
W38689,15Mo
W38690,7MEP
W38691,3Ery
W38692,15Mo
W38693,16Neu
W38694,6Ery
W38695,7MEP
W38697,6Ery
W38698,6Ery
W38699,10GMP
W38700,4Ery
W38701,13Baso
W38702,14Mo
W38703,13Baso
W38704,3Ery
W38705,6Ery
W38707,8Mk
W38709,14Mo
W38710,2Ery
W38711,9GMP
W38712,6Ery
W38713,15Mo
W38714,13Baso
W38715,3Ery
W38716,16Neu
W38717,2Ery
W38718,9GMP
W38719,14Mo
W38720,3Ery
W38721,14Mo
W38722,14Mo
W38723,16Neu
W38724,14Mo
W38726,9GMP
W38727,3Ery
W38728,13Baso
W38729,10GMP
W38730,14Mo
W38732,3Ery
W38733,6Ery
W38734,14Mo
W38735,4Ery
W38736,3Ery
W38737,2Ery
W38738,2Ery
W38739,14Mo
W38740,2Ery
W38741,8Mk
W38742,10GMP
W38744,10GMP
W38745,14Mo
W38747,10GMP
W38748,16Neu
W38750,10GMP
W38751,10GMP
W38752,13Baso
W38753,16Neu
W38754,2Ery
W38755,16Neu
W38756,2Ery
W38757,14Mo
W38758,11DC
W38759,14Mo
W38760,11DC
W38761,14Mo
W38765,13Baso
W38767,2Ery
W38768,2Ery
W38769,16Neu
W38770,2Ery
W38771,2Ery
W38772,14Mo
W38773,5Ery
W38774,2Ery
W38775,7MEP
W38776,9GMP
W38777,2Ery
W38778,10GMP
W38779,7MEP
W38781,6Ery
W38782,15Mo
W38783,5Ery
W38784,5Ery
W38785,15Mo
W38786,14Mo
W38788,8Mk
W38789,14Mo
W38790,15Mo
W38791,4Ery
W38793,14Mo
W38794,13Baso
W38795,6Ery
W38796,4Ery
W38797,13Baso
W38798,4Ery
W38799,9GMP
W38800,3Ery
W38801,8Mk
W38802,8Mk
W38803,15Mo
W38804,2Ery
W38805,12Baso
W38806,3Ery
W38807,15Mo
W38808,15Mo
W38809,9GMP
W38810,3Ery
W38811,10GMP
W38812,15Mo
W38813,16Neu
W38814,4Ery
W38815,3Ery
W38816,14Mo
W38818,3Ery
W38819,16Neu
W38820,6Ery
W38821,5Ery
W38822,13Baso
W38823,13Baso
W38824,11DC
W38825,13Baso
W38826,8Mk
W38827,2Ery
W38828,13Baso
W38829,13Baso
W38830,8Mk
W38831,8Mk
W38832,15Mo
W38833,14Mo
W38834,14Mo
W38836,6Ery
W38837,5Ery
W38838,15Mo
W38839,7MEP
W38840,15Mo
W38841,15Mo
W38843,6Ery
W38845,12Baso
W38846,2Ery
W38847,13Baso
W38848,3Ery
W38849,4Ery
W38850,14Mo
W38851,10GMP
W38852,16Neu
W38853,15Mo
W38854,6Ery
W38855,13Baso
W38858,15Mo
W38859,6Ery
W38860,2Ery
W38861,15Mo
W38862,3Ery
W38863,13Baso
W38864,6Ery
W38865,13Baso
W38866,9GMP
W38867,10GMP
W38868,10GMP
W38869,14Mo
W38870,2Ery
W38871,6Ery
W38872,10GMP
W38873,7MEP
W38874,6Ery
W38875,14Mo
W38876,2Ery
W38877,2Ery
W38878,7MEP
W38879,5Ery
W38880,13Baso
W38881,13Baso
W38882,14Mo
W38883,3Ery
W38884,13Baso
W38886,4Ery
W38887,3Ery
W38889,2Ery
W38890,15Mo
W38891,7MEP
W38892,1Ery
W38893,15Mo
W38894,2Ery
W38895,13Baso
W38896,8Mk
W38897,9GMP
W38899,11DC
W38900,8Mk
W38901,17Neu
W38902,13Baso
W38903,13Baso
W38904,13Baso
W38905,3Ery
W38906,12Baso
W38907,16Neu
W38908,10GMP
W38909,15Mo
W38910,7MEP
W38911,13Baso
W38912,13Baso
W38913,14Mo
W38914,16Neu
W38915,3Ery
W38916,7MEP
W38917,13Baso
W38918,13Baso
W38919,3Ery
W38920,1Ery
W38921,14Mo
W38922,15Mo
W38923,10GMP
W38924,15Mo
W38925,4Ery
W38926,9GMP
W38927,14Mo
W38928,9GMP
W38929,13Baso
W38930,10GMP
W38931,9GMP
W38932,5Ery
W38933,2Ery
W38934,7MEP
W38935,13Baso
W38937,6Ery
W38938,7MEP
W38939,10GMP
W38940,7MEP
W38941,10GMP
W38942,3Ery
W38943,5Ery
W38944,10GMP
W38945,6Ery
W38947,8Mk
W38948,4Ery
W38949,14Mo
W38950,16Neu
W38951,14Mo
W38952,10GMP
W38953,10GMP
W38954,13Baso
W38955,7MEP
W38956,15Mo
W38957,10GMP
W38958,15Mo
W38959,15Mo
W38960,14Mo
W38961,5Ery
W38962,13Baso
W38963,9GMP
W38964,7MEP
W38965,14Mo
W38966,6Ery
W38967,2Ery
W38968,8Mk
W38969,7MEP
W38970,5Ery
W38971,7MEP
W38972,13Baso
W38973,7MEP
W38974,5Ery
W38975,8Mk
W38976,2Ery
W38977,2Ery
W38978,4Ery
W38979,14Mo
W38980,15Mo
W38981,13Baso
W38982,3Ery
W38983,2Ery
W38985,5Ery
W38987,13Baso
W38989,3Ery
W38990,6Ery
W38991,8Mk
W38992,6Ery
W38993,15Mo
W38994,2Ery
W38996,5Ery
W38997,6Ery
W38998,9GMP
W38999,8Mk
W39000,15Mo
W39001,13Baso
W39002,10GMP
W39003,15Mo
W39004,15Mo
W39005,2Ery
W39006,13Baso
W39007,14Mo
W39008,9GMP
W39009,2Ery
W39010,3Ery
W39011,17Neu
W39012,16Neu
W39013,13Baso
W39015,6Ery
W39017,13Baso
W39018,10GMP
W39019,13Baso
W39020,13Baso
W39021,2Ery
W39022,6Ery
W39023,15Mo
W39024,14Mo
W39025,14Mo
W39026,13Baso
W39027,14Mo
W39028,6Ery
W39029,13Baso
W39030,17Neu
W39031,2Ery
W39032,6Ery
W39033,7MEP
W39034,10GMP
W39035,10GMP
W39036,6Ery
W39037,15Mo
W39038,15Mo
W39039,6Ery
W39040,4Ery
W39041,8Mk
W39042,6Ery
W39043,13Baso
W39044,13Baso
W39045,5Ery
W39047,10GMP
W39048,10GMP
W39050,10GMP
W39051,2Ery
W39052,11DC
W39053,16Neu
W39054,14Mo
W39055,5Ery
W39056,10GMP
W39057,6Ery
W39058,2Ery
W39059,10GMP
W39060,15Mo
W39061,16Neu
W39062,6Ery
W39064,10GMP
W39065,15Mo
W39066,13Baso
W39067,5Ery
W39068,7MEP
W39069,4Ery
W39070,7MEP
W39071,3Ery
W39073,13Baso
W39074,13Baso
W39075,13Baso
W39076,3Ery
W39077,1Ery
W39078,15Mo
W39079,8Mk
W39081,7MEP
W39082,7MEP
W39083,13Baso
W39084,13Baso
W39085,5Ery
W39087,6Ery
W39088,15Mo
W39089,13Baso
W39090,14Mo
W39091,10GMP
W39092,13Baso
W39093,7MEP
W39094,15Mo
W39095,8Mk
W39096,9GMP
W39097,4Ery
W39098,17Neu
W39099,2Ery
W39100,14Mo
W39101,15Mo
W39103,14Mo
W39104,6Ery
W39105,6Ery
W39106,10GMP
W39107,6Ery
W39109,13Baso
W39110,6Ery
W39111,12Baso
W39112,3Ery
W39113,13Baso
W39114,13Baso
W39115,16Neu
W39116,10GMP
W39117,16Neu
W39118,13Baso
W39119,5Ery
W39120,2Ery
W39121,9GMP
W39122,16Neu
W39123,8Mk
W39124,11DC
W39125,13Baso
W39126,10GMP
W39127,5Ery
W39128,15Mo
W39129,13Baso
W39130,9GMP
W39131,14Mo
W39134,13Baso
W39135,14Mo
W39137,15Mo
W39138,15Mo
W39139,10GMP
W39140,15Mo
W39141,16Neu
W39142,6Ery
W39143,2Ery
W39144,13Baso
W39145,5Ery
W39146,7MEP
W39148,6Ery
W39149,13Baso
W39150,2Ery
W39151,11DC
W39152,7MEP
W39153,13Baso
W39154,2Ery
W39155,14Mo
W39156,13Baso
W39157,8Mk
W39158,13Baso
W39159,7MEP
W39160,10GMP
W39161,10GMP
W39162,14Mo
W39163,16Neu
W39164,2Ery
W39165,13Baso
W39166,7MEP
W39167,15Mo
W39168,3Ery
