cell_id,paul15_clusters,dpt_pseudotime_finite
W31105,7MEP,0.23638854920864105
W31106,15Mo,0.11584457755088806
W31107,3Ery,0.5757412314414978
W31108,15Mo,0.12273965030908585
W31109,3Ery,0.6280854344367981
W31110,15Mo,0.09401530027389526
W31111,4Ery,0.5105081796646118
W31113,2Ery,0.46296074986457825
W31114,3Ery,0.4517289698123932
W31115,2Ery,0.6654959321022034
W31116,2Ery,0.6032419204711914
W31117,17Neu,0.15639469027519226
W31118,14Mo,0.036347970366477966
W31119,13Baso,0.04657856747508049
W31120,3Ery,0.5333449840545654
W31121,7MEP,0.26784223318099976
W31122,3Ery,0.5709117650985718
W31123,3Ery,0.685885488986969
W31124,2Ery,0.5748214721679688
W31125,8Mk,0.29350361227989197
W31126,3Ery,0.47436287999153137
W31127,9GMP,0.04829574003815651
W31128,8Mk,0.19842742383480072
W31129,10GMP,0.0
W31130,15Mo,0.1280270367860794
W31131,16Neu,0.21702957153320312
W31132,4Ery,0.5338117480278015
W31133,13Baso,0.06400448828935623
W31134,17Neu,0.13944068551063538
W31136,3Ery,0.5938378572463989
W31137,2Ery,0.585342526435852
W31138,3Ery,0.5871176719665527
W31139,5Ery,0.46746718883514404
W31140,3Ery,0.468886137008667
W31141,13Baso,0.0427962988615036
W31142,1Ery,0.7839670777320862
W31143,3Ery,0.6462106108665466
W31144,6Ery,0.4410576820373535
W31145,15Mo,0.19163630902767181
W31146,3Ery,0.47249963879585266
W31147,3Ery,0.5929062962532043
W31148,14Mo,0.11604854464530945
W31149,19Lymph,0.971396267414093
W31150,12Baso,0.08409513533115387
W31151,3Ery,0.6865003705024719
W31152,14Mo,0.07631530612707138
W31153,6Ery,0.5181379914283752
W31154,4Ery,0.5099683403968811
W31155,7MEP,0.24372656643390656
W31156,2Ery,0.6080983281135559
W31157,13Baso,0.05384376272559166
W31158,14Mo,0.11810340732336044
W31159,6Ery,0.4766227602958679
W31160,18Eos,0.3598741590976715
W31161,4Ery,0.5817884206771851
W31162,3Ery,0.5546054840087891
W31163,3Ery,0.5803269147872925
W31164,14Mo,0.11885497719049454
W31165,2Ery,0.6261289715766907
W31166,13Baso,0.08679228276014328
W31167,2Ery,0.6612979173660278
W31168,13Baso,0.14984135329723358
W31169,13Baso,0.11911526322364807
W31170,14Mo,0.13171087205410004
W31171,7MEP,0.2451649308204651
W31172,7MEP,0.40497785806655884
W31173,7MEP,0.2226298749446869
W31174,10GMP,0.03406831994652748
W31175,12Baso,0.09165607392787933
W31176,6Ery,0.3234860599040985
W31177,5Ery,0.43475982546806335
W31178,5Ery,0.502047061920166
W31179,14Mo,0.07006718218326569
W31180,4Ery,0.5767470002174377
W31181,16Neu,0.1730906218290329
W31182,16Neu,0.16515421867370605
W31183,3Ery,0.6097546815872192
W31184,2Ery,0.5839803218841553
W31185,6Ery,0.5672916769981384
W31186,13Baso,0.14764317870140076
W31187,13Baso,0.014798332005739212
W31188,10GMP,0.04207297042012215
W31189,14Mo,0.07128626108169556
W31190,5Ery,0.5182948708534241
W31191,7MEP,0.24935059249401093
W31192,7MEP,0.22581695020198822
W31193,5Ery,0.5266382098197937
W31194,6Ery,0.42907094955444336
W31195,2Ery,0.618900716304779
W31196,10GMP,0.23603998124599457
W31197,10GMP,0.018362846225500107
W31198,2Ery,0.623960018157959
W31199,7MEP,0.18712249398231506
W31200,6Ery,0.31908145546913147
W31201,7MEP,0.30802449584007263
W31202,14Mo,0.05719493702054024
W31203,16Neu,0.13738538324832916
W31204,10GMP,0.049928177148103714
W31205,3Ery,0.49632248282432556
W31206,3Ery,0.6499125361442566
W31207,13Baso,0.14044028520584106
W31209,1Ery,0.7494083046913147
W31210,14Mo,0.14925280213356018
W31211,15Mo,0.14660361409187317
W31212,2Ery,0.6223258972167969
W31213,5Ery,0.43069905042648315
W31214,2Ery,0.615057647228241
W31215,5Ery,0.42184334993362427
W31217,3Ery,0.6215587258338928
W31218,14Mo,0.08885496109724045
W31219,10GMP,0.05696758255362511
W31220,2Ery,0.6865594983100891
W31221,7MEP,0.28898224234580994
W31222,4Ery,0.6308442950248718
W31223,9GMP,0.11676639318466187
W31224,7MEP,0.22891908884048462
W31225,3Ery,0.5074710845947266
W31226,16Neu,0.1924373060464859
W31227,11DC,0.21187959611415863
W31228,10GMP,0.06324415653944016
W31229,6Ery,0.5138370990753174
W31230,3Ery,0.40343403816223145
W31231,2Ery,0.6338000893592834
W31232,5Ery,0.5580366253852844
W31233,2Ery,0.5400134921073914
W31234,2Ery,0.5919040441513062
W31236,5Ery,0.515999972820282
W31237,14Mo,0.12184202671051025
W31238,5Ery,0.5240314602851868
W31239,14Mo,0.11344414204359055
W31240,3Ery,0.4829545319080353
W31241,2Ery,0.6362154483795166
W31242,16Neu,0.1936158835887909
W31243,2Ery,0.7047587037086487
W31244,13Baso,0.059382278472185135
W31245,16Neu,0.11051882803440094
W31246,2Ery,0.6848219633102417
W31247,3Ery,0.652127742767334
W31248,3Ery,0.584494411945343
W31249,14Mo,0.10417234152555466
W31250,5Ery,0.5244912505149841
W31251,16Neu,0.21309347450733185
W31252,14Mo,0.10997424274682999
W31253,14Mo,0.07787500321865082
W31254,13Baso,0.11133167892694473
W31255,3Ery,0.6210905313491821
W31256,14Mo,0.1478169709444046
W31257,7MEP,0.2527035176753998
W31259,14Mo,0.038115065544843674
W31260,10GMP,0.05449412763118744
W31262,2Ery,0.4272456765174866
W31263,14Mo,0.02473253570497036
W31264,15Mo,0.16868112981319427
W31265,14Mo,0.07594110071659088
W31266,16Neu,0.19397811591625214
W31267,10GMP,0.10515653342008591
W31268,7MEP,0.21243812143802643
W31269,5Ery,0.44993680715560913
W31270,16Neu,0.12272016704082489
W31271,2Ery,0.5641680359840393
W31272,16Neu,0.17296108603477478
W31273,14Mo,0.13869653642177582
W31274,10GMP,0.030123500153422356
W31275,16Neu,0.16854359209537506
W31276,8Mk,0.22185790538787842
W31277,7MEP,0.2584366202354431
W31278,14Mo,0.12157696485519409
W31279,7MEP,0.24936403334140778
W31280,2Ery,0.5781509280204773
W31281,14Mo,0.07643520832061768
W31282,14Mo,0.1483025997877121
W31283,4Ery,0.5372272729873657
W31284,5Ery,0.4800581932067871
W31285,14Mo,0.07714937627315521
W31286,14Mo,0.14194229245185852
W31287,10GMP,0.22523216903209686
W31288,6Ery,0.25574347376823425
W31289,5Ery,0.48197123408317566
W31290,14Mo,0.13819171488285065
W31291,3Ery,0.6122896671295166
W31292,5Ery,0.4893132448196411
W31293,15Mo,0.12806876003742218
W31294,5Ery,0.5627151727676392
W31295,14Mo,0.07520722597837448
W31296,16Neu,0.15793302655220032
W31297,8Mk,0.21410025656223297
W31298,3Ery,0.5556511878967285
W31299,14Mo,0.15878978371620178
W31300,12Baso,0.19822843372821808
W31301,14Mo,0.0918039083480835
W31302,3Ery,0.5900212526321411
W31303,5Ery,0.38728612661361694
W31305,16Neu,0.15185870230197906
W31306,15Mo,0.16765549778938293
W31307,13Baso,0.12867169082164764
W31309,5Ery,0.4804915487766266
W31310,3Ery,0.6044166684150696
W31311,13Baso,0.02555486187338829
W31312,12Baso,0.14506490528583527
W31313,8Mk,0.20100684463977814
W31314,7MEP,0.18580064177513123
W31315,6Ery,0.42481034994125366
W31316,2Ery,0.6272323131561279
W31317,3Ery,0.6794497966766357
W31318,3Ery,0.5664612650871277
W31319,15Mo,0.1005549430847168
W31321,3Ery,0.4198608100414276
W31322,3Ery,0.5380051732063293
W31323,3Ery,0.558245062828064
W31324,8Mk,0.28083136677742004
W31325,2Ery,0.5423594117164612
W31326,2Ery,0.5555854439735413
W31327,14Mo,0.13796670734882355
W31328,3Ery,0.5335067510604858
W31329,15Mo,0.11003167927265167
W31330,14Mo,0.09741535782814026
W31331,7MEP,0.2996460795402527
W31332,15Mo,0.11440113931894302
W31333,3Ery,0.5400454998016357
W31334,3Ery,0.4943082630634308
W31335,13Baso,0.02532677724957466
W31336,15Mo,0.15522553026676178
W31337,3Ery,0.6067559123039246
W31338,15Mo,0.1239829957485199
W31339,13Baso,0.1260490119457245
W31340,3Ery,0.49553442001342773
W31341,15Mo,0.1484193503856659
W31342,15Mo,0.17449674010276794
W31343,13Baso,0.11086301505565643
W31344,19Lymph,0.7532544136047363
W31345,4Ery,0.49601972103118896
W31346,3Ery,0.5376582741737366
W31347,14Mo,0.07962259650230408
W31348,4Ery,0.5199586749076843
W31349,6Ery,0.3447548449039459
W31350,16Neu,0.20169652998447418
W31351,14Mo,0.07664738595485687
W31353,3Ery,0.6565568447113037
W31354,17Neu,0.28039541840553284
W31355,15Mo,0.08103105425834656
W31356,4Ery,0.5007224082946777
W31357,3Ery,0.5673906207084656
W31358,6Ery,0.3812228739261627
W31359,14Mo,0.13154539465904236
W31360,3Ery,0.5719963908195496
W31361,16Neu,0.13884618878364563
W31362,14Mo,0.1481107920408249
W31363,15Mo,0.07591777294874191
W31364,7MEP,0.2603083550930023
W31365,13Baso,0.031382109969854355
W31366,15Mo,0.08119883388280869
W31367,14Mo,0.16114678978919983
W31368,3Ery,0.5900517106056213
W31369,2Ery,0.5790430307388306
W31370,2Ery,0.6421191096305847
W31371,14Mo,0.05963266268372536
W31372,2Ery,0.6665334701538086
W31373,13Baso,0.08943686634302139
W31374,2Ery,0.6123544573783875
W31375,3Ery,0.4945705533027649
W31376,13Baso,0.02140124887228012
W31377,12Baso,0.2276616096496582
W31378,2Ery,0.5960886478424072
W31379,10GMP,0.09002527594566345
W31380,5Ery,0.4673572778701782
W31381,13Baso,0.1049782931804657
W31382,3Ery,0.6055868864059448
W31383,9GMP,0.04924499988555908
W31386,15Mo,0.15103863179683685
W31387,2Ery,0.6457942128181458
W31388,10GMP,0.07980043441057205
W31389,5Ery,0.46615442633628845
W31390,5Ery,0.5016053915023804
W31391,2Ery,0.7403483390808105
W31392,14Mo,0.028325866907835007
W31393,13Baso,0.05211702361702919
W31394,2Ery,0.5814710855484009
W31395,14Mo,0.09219977259635925
W31396,16Neu,0.20472407341003418
W31397,12Baso,0.10635413974523544
W31398,14Mo,0.10437627881765366
W31399,14Mo,0.07483500242233276
W31401,3Ery,0.6512598395347595
W31402,14Mo,0.08577485382556915
W31403,13Baso,0.029224293306469917
W31405,12Baso,0.05781528726220131
W31406,5Ery,0.46623939275741577
W31407,10GMP,0.09388463199138641
W31409,14Mo,0.1021401435136795
W31410,4Ery,0.5252127647399902
W31411,15Mo,0.11933688074350357
W31412,11DC,0.21187672019004822
W31413,3Ery,0.47051939368247986
W31414,4Ery,0.5333455801010132
W31415,4Ery,0.4723864197731018
W31416,4Ery,0.5413574576377869
W31418,4Ery,0.642935574054718
W31419,5Ery,0.4565848112106323
W31420,1Ery,0.6955753564834595
W31421,16Neu,0.21668311953544617
W31422,14Mo,0.11158385872840881
W31423,2Ery,0.6685953140258789
W31424,5Ery,0.45633670687675476
W31425,15Mo,0.16139379143714905
W31426,5Ery,0.47460252046585083
W31427,2Ery,0.5913066864013672
W31428,5Ery,0.4568520486354828
W31429,1Ery,0.6867493987083435
W31430,7MEP,0.2527391314506531
W31431,2Ery,0.5995112657546997
W31432,14Mo,0.11605854332447052
W31433,10GMP,0.20581164956092834
W31434,2Ery,0.5753872990608215
W31436,14Mo,0.07242618501186371
W31437,6Ery,0.3037244379520416
W31439,9GMP,0.17789345979690552
W31440,3Ery,0.5191131234169006
W31441,2Ery,0.5204135775566101
W31442,3Ery,0.5653947591781616
W31443,12Baso,0.19748590886592865
W31444,2Ery,0.5210937261581421
W31445,18Eos,0.4275335371494293
W31446,5Ery,0.5563538670539856
W31447,3Ery,0.5389153957366943
W31448,15Mo,0.10184536874294281
W31451,14Mo,0.0352565236389637
W31452,2Ery,0.6233332753181458
W31453,6Ery,0.3256348967552185
W31454,14Mo,0.1031186431646347
W31455,2Ery,0.6636096835136414
W31456,5Ery,0.46596765518188477
W31457,12Baso,0.09968959540128708
W31458,7MEP,0.2046075016260147
W31459,17Neu,0.24025748670101166
W31460,14Mo,0.10064834356307983
W31461,2Ery,0.6414022445678711
W31462,5Ery,0.5219408869743347
W31463,2Ery,0.5649366974830627
W31464,14Mo,0.16743552684783936
W31465,13Baso,0.10932397097349167
W31466,15Mo,0.1030106171965599
W31467,2Ery,0.6510855555534363
W31468,13Baso,0.025464123114943504
W31469,16Neu,0.18983528017997742
W31470,5Ery,0.5117381811141968
W31471,14Mo,0.12281231582164764
W31472,16Neu,0.13141334056854248
W31473,14Mo,0.08059539645910263
W31474,16Neu,0.1285582035779953
W31475,14Mo,0.15408119559288025
W31476,8Mk,0.37973469495773315
W31477,10GMP,0.11701896041631699
W31478,14Mo,0.047634705901145935
W31479,5Ery,0.5080932974815369
W31480,7MEP,0.28455308079719543
W31481,2Ery,0.557366669178009
W31483,14Mo,0.19187963008880615
W31484,13Baso,0.12499821186065674
W31485,2Ery,0.5890825986862183
W31486,5Ery,0.4931425452232361
W31487,14Mo,0.1416657716035843
W31489,14Mo,0.10698825865983963
W31491,9GMP,0.04612182453274727
W31492,4Ery,0.5652136206626892
W31493,10GMP,0.08324989676475525
W31494,13Baso,0.09363538771867752
W31495,10GMP,0.09892449527978897
W31497,7MEP,0.2494789958000183
W31498,10GMP,0.05487183853983879
W31499,3Ery,0.4277724623680115
W31500,2Ery,0.5678343772888184
W31501,14Mo,0.1290145218372345
W31502,10GMP,0.048047151416540146
W31503,15Mo,0.10215778648853302
W31504,13Baso,0.14693285524845123
W31505,7MEP,0.2396756410598755
W31506,6Ery,0.2684813439846039
W31507,7MEP,0.26000842452049255
W31508,5Ery,0.48609429597854614
W31509,14Mo,0.08911499381065369
W31510,13Baso,0.08789481222629547
W31511,10GMP,0.0406656377017498
W31512,7MEP,0.21736614406108856
W31513,3Ery,0.5826196670532227
W31514,7MEP,0.25803136825561523
W31515,13Baso,0.06330498307943344
W31516,1Ery,0.5798607468605042
W31517,14Mo,0.11638831347227097
W31518,13Baso,0.14160193502902985
W31519,10GMP,0.008566295728087425
W31520,9GMP,0.06160205230116844
W31521,3Ery,0.5041521191596985
W31522,13Baso,0.04464114084839821
W31523,2Ery,0.6693706512451172
W31524,13Baso,0.04989975318312645
W31525,2Ery,0.5417541265487671
W31526,6Ery,0.24816234409809113
W31527,6Ery,0.3144710659980774
W31528,13Baso,0.1046469509601593
W31529,3Ery,0.468628466129303
W31530,13Baso,0.09996148198843002
W31531,11DC,0.21188151836395264
W31532,14Mo,0.16453403234481812
W31533,10GMP,0.08836248517036438
W31534,8Mk,0.30601826310157776
W31535,9GMP,0.07519498467445374
W31536,2Ery,0.6534479260444641
W31537,13Baso,0.10033385455608368
W31538,14Mo,0.15022523701190948
W31539,13Baso,0.04307885095477104
W31540,14Mo,0.09278643876314163
W31541,5Ery,0.5521648526191711
W31542,14Mo,0.11038906872272491
W31543,5Ery,0.47903138399124146
W31544,13Baso,0.056877076625823975
W31545,12Baso,0.13409389555454254
W31546,16Neu,0.19603823125362396
W31547,11DC,0.21187786757946014
W31548,13Baso,0.05969083681702614
W31549,13Baso,0.06973151862621307
W31550,2Ery,0.6005488038063049
W31551,2Ery,0.5614269375801086
W31552,14Mo,0.06688833981752396
W31553,7MEP,0.2667010426521301
W31554,4Ery,0.4624041020870209
W31555,6Ery,0.4263107180595398
W31556,13Baso,0.05287658050656319
W31558,14Mo,0.11965958029031754
W31559,14Mo,0.07246533781290054
W31560,6Ery,0.25080153346061707
W31562,12Baso,0.13071182370185852
W31563,6Ery,0.44820141792297363
W31564,14Mo,0.07169193774461746
W31565,2Ery,0.582812488079071
W31566,13Baso,0.15902996063232422
W31567,13Baso,0.1311703473329544
W31568,14Mo,0.0859403982758522
W31569,7MEP,0.2557455003261566
W31570,7MEP,0.21570086479187012
W31571,15Mo,0.13230369985103607
W31572,5Ery,0.4420815408229828
W31573,5Ery,0.4064110815525055
W31575,5Ery,0.305655300617218
W31576,5Ery,0.5546249151229858
W31577,15Mo,0.15779058635234833
W31578,1Ery,0.6544458866119385
W31580,13Baso,0.027936173602938652
W31581,10GMP,0.0551270991563797
W31583,12Baso,0.20613841712474823
W31586,4Ery,0.623084545135498
W31587,7MEP,0.1991046816110611
W31588,15Mo,0.23618772625923157
W31589,19Lymph,0.8235308527946472
W31590,13Baso,0.0999765619635582
W31591,13Baso,0.05310538783669472
W31593,3Ery,0.6196253299713135
W31594,3Ery,0.5493295192718506
W31595,15Mo,0.12046139687299728
W31596,16Neu,0.16952429711818695
W31597,13Baso,0.13244439661502838
W31598,2Ery,0.571217954158783
W31599,15Mo,0.15402616560459137
W31600,17Neu,0.13085001707077026
W31601,15Mo,0.1320711225271225
W31602,13Baso,0.017495308071374893
W31603,16Neu,0.22258126735687256
W31604,6Ery,0.27880769968032837
W31605,5Ery,0.49109721183776855
W31606,15Mo,0.08769505470991135
W31607,9GMP,0.12210902571678162
W31608,13Baso,0.10089555382728577
W31609,15Mo,0.13651660084724426
W31611,13Baso,0.11744403839111328
W31613,6Ery,0.24960680305957794
W31614,7MEP,0.22026662528514862
W31615,12Baso,0.08096230030059814
W31617,15Mo,0.16209273040294647
W31618,2Ery,0.5875162482261658
W31620,13Baso,0.026693854480981827
W31621,10GMP,0.19225172698497772
W31622,14Mo,0.08102375268936157
W31623,14Mo,0.0903669074177742
W31624,14Mo,0.1751096397638321
W31625,15Mo,0.20681172609329224
W31626,5Ery,0.4326515793800354
W31628,16Neu,0.15655656158924103
W31629,5Ery,0.4669111371040344
W31630,14Mo,0.08724217861890793
W31631,13Baso,0.1483340561389923
W31632,15Mo,0.16116619110107422
W31634,2Ery,0.6659067869186401
W31635,2Ery,0.6014185547828674
W31636,2Ery,0.5899217128753662
W31638,13Baso,0.10379182547330856
W31639,13Baso,0.08031774312257767
W31640,5Ery,0.45457375049591064
W31641,5Ery,0.4218475818634033
W31642,9GMP,0.13440869748592377
W31644,14Mo,0.10502663254737854
W31645,7MEP,0.2353973090648651
W31646,14Mo,0.10674162954092026
W31647,11DC,0.21188387274742126
W31648,16Neu,0.22382313013076782
W31649,2Ery,0.6332120299339294
W31650,2Ery,0.5811017155647278
W31651,10GMP,0.15208673477172852
W31652,8Mk,0.24257245659828186
W31653,2Ery,0.5082781910896301
W31654,5Ery,0.5061363577842712
W31655,13Baso,0.14622987806797028
W31656,13Baso,0.10074231773614883
W31657,12Baso,0.06052760034799576
W31658,7MEP,0.24865207076072693
W31659,7MEP,0.23480698466300964
W31660,13Baso,0.1107713058590889
W31661,6Ery,0.25969716906547546
W31662,5Ery,0.5391913652420044
W31663,16Neu,0.1892910897731781
W31664,14Mo,0.12416782975196838
W31665,13Baso,0.09495559334754944
W31666,2Ery,0.6148710250854492
W31667,14Mo,0.10541947185993195
W31668,5Ery,0.4774763286113739
W31669,7MEP,0.2354237586259842
W31670,10GMP,0.05022503063082695
W31671,19Lymph,0.9249628186225891
W31674,14Mo,0.08891747146844864
W31676,4Ery,0.6149912476539612
W31678,14Mo,0.0682356059551239
W31681,12Baso,0.12007895857095718
W31682,9GMP,0.08994882553815842
W31683,15Mo,0.13398000597953796
W31684,17Neu,0.29020094871520996
W31685,7MEP,0.23264066874980927
W31686,16Neu,0.15251396596431732
W31687,13Baso,0.10095483064651489
W31689,3Ery,0.5576308369636536
W31690,15Mo,0.12539717555046082
W31691,3Ery,0.6435828804969788
W31692,7MEP,0.2831413745880127
W31693,8Mk,0.33884239196777344
W31694,19Lymph,0.8892049193382263
W31695,3Ery,0.46916675567626953
W31696,13Baso,0.09986307471990585
W31697,9GMP,0.052757758647203445
W31698,3Ery,0.5258708000183105
W31699,3Ery,0.49806615710258484
W31700,2Ery,0.5800998210906982
W31701,16Neu,0.23423893749713898
W31702,14Mo,0.08891170471906662
W31703,16Neu,0.2179528921842575
W31704,6Ery,0.3380813002586365
W31705,14Mo,0.10459289699792862
W31706,5Ery,0.47109222412109375
W31707,14Mo,0.09580366313457489
W31708,14Mo,0.08065225929021835
W31709,19Lymph,0.7451024055480957
W31711,15Mo,0.14276428520679474
W31712,13Baso,0.025147687643766403
W31713,14Mo,0.16982340812683105
W31714,13Baso,0.1276913583278656
W31715,17Neu,0.2731139063835144
W31716,14Mo,0.09313420951366425
W31717,1Ery,0.7278236150741577
W31718,2Ery,0.5819432139396667
W31719,5Ery,0.49204862117767334
W31720,6Ery,0.24645574390888214
W31721,15Mo,0.137095645070076
W31722,10GMP,0.022455532103776932
W31723,6Ery,0.2737415134906769
W31724,10GMP,0.059988927096128464
W31725,7MEP,0.22464478015899658
W31726,14Mo,0.0760282576084137
W31727,13Baso,0.025059467181563377
W31728,2Ery,0.5692890286445618
W31729,14Mo,0.14516301453113556
W31730,14Mo,0.13267619907855988
W31731,6Ery,0.19853313267230988
W31732,13Baso,0.026068193838000298
W31733,14Mo,0.1401987075805664
W31734,14Mo,0.09419835358858109
W31735,2Ery,0.5389472842216492
W31736,6Ery,0.4392315149307251
W31737,13Baso,0.048695966601371765
W31738,10GMP,0.006000298075377941
W31739,15Mo,0.15642006695270538
W31740,16Neu,0.23693867027759552
W31741,10GMP,0.05507003143429756
W31742,1Ery,0.6777178049087524
W31743,14Mo,0.08937272429466248
W31744,12Baso,0.14211441576480865
W31745,10GMP,0.04909021034836769
W31746,12Baso,0.11664280295372009
W31748,16Neu,0.2220352441072464
W31749,10GMP,0.06913723796606064
W31750,13Baso,0.06338420510292053
W31751,16Neu,0.20748469233512878
W31752,6Ery,0.27581989765167236
W31755,5Ery,0.4849569499492645
W31756,10GMP,0.05313239246606827
W31758,13Baso,0.058077070862054825
W31759,19Lymph,0.8811773657798767
W31760,14Mo,0.12877465784549713
W31761,5Ery,0.4151400625705719
W31762,13Baso,0.11106369644403458
W31764,13Baso,0.05886264517903328
W31765,13Baso,0.12168413400650024
W31766,19Lymph,0.760664165019989
W31767,13Baso,0.08963887393474579
W31768,4Ery,0.5626168251037598
W31771,12Baso,0.0944402664899826
W31773,10GMP,0.08477675169706345
W31774,11DC,0.211880162358284
W31775,1Ery,0.7248338460922241
W31776,19Lymph,0.9693736433982849
W31777,3Ery,0.636647641658783
W31778,6Ery,0.2894725203514099
W31779,6Ery,0.25732800364494324
W31780,2Ery,0.5545865893363953
W31781,2Ery,0.6565546989440918
W31782,13Baso,0.059730496257543564
W31783,3Ery,0.48830896615982056
W31785,15Mo,0.1720324456691742
W31786,2Ery,0.6511239409446716
W31787,10GMP,0.03660770505666733
W31788,5Ery,0.4222308397293091
W31789,13Baso,0.0820467546582222
W31791,9GMP,0.05035174638032913
W31792,9GMP,0.03502066060900688
W31793,12Baso,0.06303214281797409
W31794,17Neu,0.2289702445268631
W31795,6Ery,0.2824529707431793
W31796,7MEP,0.28335386514663696
W31797,6Ery,0.4106297194957733
W31798,14Mo,0.096493199467659
W31799,14Mo,0.07235776633024216
W31800,19Lymph,0.8971154689788818
W31801,13Baso,0.0721195787191391
W31802,13Baso,0.10638394206762314
W31803,2Ery,0.5153874158859253
W31804,13Baso,0.04526098817586899
W31805,7MEP,0.26171600818634033
W31806,3Ery,0.5322161316871643
W31807,13Baso,0.041722286492586136
W31808,15Mo,0.1726478934288025
W31809,13Baso,0.0533943735063076
W31810,11DC,0.21188338100910187
W31811,17Neu,0.2563064396381378
W31812,13Baso,0.06090165302157402
W31813,14Mo,0.09880965203046799
W31814,2Ery,0.4550265073776245
W31815,11DC,0.2118806540966034
W31816,13Baso,0.012897507287561893
W31817,13Baso,0.11923075467348099
W31818,2Ery,0.6379654407501221
W31819,2Ery,0.5697281956672668
W31820,16Neu,0.1716332584619522
W31821,14Mo,0.10715234279632568
W31822,10GMP,0.08549076318740845
W31823,16Neu,0.18044938147068024
W31824,13Baso,0.08636875450611115
W31825,10GMP,0.07537103444337845
W31826,16Neu,0.2011769711971283
W31827,2Ery,0.47410622239112854
W31828,14Mo,0.07701769471168518
W31829,12Baso,0.10206976532936096
W31830,9GMP,0.15148039162158966
W31831,2Ery,0.5059757232666016
W31832,2Ery,0.6420406103134155
W31834,2Ery,0.6242831945419312
W31835,6Ery,0.3946737051010132
W31836,13Baso,0.07170046865940094
W31837,14Mo,0.07349764555692673
W31838,2Ery,0.5675389766693115
W31839,5Ery,0.5855539441108704
W31840,16Neu,0.20591388642787933
W31841,6Ery,0.2517373561859131
W31842,13Baso,0.07738210260868073
W31845,14Mo,0.13727957010269165
W31846,5Ery,0.48263704776763916
W31847,5Ery,0.4853702485561371
W31849,2Ery,0.6436857581138611
W31850,4Ery,0.5045702457427979
W31851,2Ery,0.6137136220932007
W31854,10GMP,0.023461580276489258
W31855,5Ery,0.5113564729690552
W31856,13Baso,0.11864268034696579
W31857,13Baso,0.11666221171617508
W31858,2Ery,0.5657199621200562
W31859,12Baso,0.1982279121875763
W31860,12Baso,0.1565133035182953
W31861,15Mo,0.1494748890399933
W31864,13Baso,0.09369758516550064
W31865,13Baso,0.07785514742136002
W31866,13Baso,0.14467740058898926
W31868,13Baso,0.09399838000535965
W31870,10GMP,0.02634281851351261
W31871,14Mo,0.12732180953025818
W31872,13Baso,0.1003127247095108
W36865,7MEP,0.27028924226760864
W36866,13Baso,0.11419882625341415
W36867,9GMP,0.20786651968955994
W36868,14Mo,0.14147093892097473
W36869,1Ery,0.6469565629959106
W36871,3Ery,0.5858421921730042
W36873,13Baso,0.1418946385383606
W36874,13Baso,0.0933283343911171
W36875,15Mo,0.2715608477592468
W36876,2Ery,0.5361588001251221
W36877,13Baso,0.06564991176128387
W36878,5Ery,0.5813191533088684
W36879,14Mo,0.08596817404031754
W36881,3Ery,0.6297248601913452
W36882,6Ery,0.3762610852718353
W36883,2Ery,0.5816367268562317
W36884,19Lymph,0.9131389260292053
W36885,15Mo,0.1395246684551239
W36886,12Baso,0.11126977950334549
W36887,7MEP,0.19522880017757416
W36889,2Ery,0.736468493938446
W36890,8Mk,0.3048340380191803
W36891,14Mo,0.08927009999752045
W36892,14Mo,0.1245482861995697
W36893,8Mk,0.18740056455135345
W36894,5Ery,0.4905351996421814
W36895,14Mo,0.07328497618436813
W36897,2Ery,0.704436719417572
W36898,3Ery,0.5689272880554199
W36899,9GMP,0.04016202315688133
W36900,5Ery,0.47381141781806946
W36901,3Ery,0.5706030130386353
W36902,5Ery,0.5318958163261414
W36903,14Mo,0.09807317703962326
W36905,2Ery,0.61717289686203
W36906,2Ery,0.698585033416748
W36907,14Mo,0.10637527704238892
W36908,16Neu,0.15272468328475952
W36909,9GMP,0.22949515283107758
W36910,16Neu,0.24853013455867767
W36911,15Mo,0.18529793620109558
W36912,10GMP,0.01962490938603878
W36913,3Ery,0.5893122553825378
W36914,14Mo,0.1285390406847
W36915,8Mk,0.20489172637462616
W36916,14Mo,0.1160915195941925
W36917,15Mo,0.09874704480171204
W36918,16Neu,0.1273951530456543
W36919,5Ery,0.4821573793888092
W36920,14Mo,0.061521176248788834
W36921,16Neu,0.20297066867351532
W36922,4Ery,0.4857840836048126
W36923,2Ery,0.6703071594238281
W36924,13Baso,0.13148199021816254
W36925,14Mo,0.07548459619283676
W36926,13Baso,0.05773090198636055
W36927,5Ery,0.37240713834762573
W36928,13Baso,0.02472166158258915
W36929,7MEP,0.24352982640266418
W36930,15Mo,0.16132229566574097
W36931,6Ery,0.2978552281856537
W36932,16Neu,0.14414136111736298
W36933,15Mo,0.12106771022081375
W36934,12Baso,0.12494762241840363
W36935,6Ery,0.3387394845485687
W36936,13Baso,0.15286198258399963
W36939,14Mo,0.08440743386745453
W36940,16Neu,0.15676827728748322
W36941,14Mo,0.0953151285648346
W36942,14Mo,0.07766802608966827
W36943,2Ery,0.5921860337257385
W36944,6Ery,0.31775498390197754
W36945,6Ery,0.263643354177475
W36946,13Baso,0.04968159645795822
W36947,14Mo,0.08717358112335205
W36948,16Neu,0.18337678909301758
W36949,2Ery,0.599936842918396
W36950,2Ery,0.633348286151886
W36951,5Ery,0.5907553434371948
W36952,2Ery,0.6424870491027832
W36953,5Ery,0.42013370990753174
W36954,1Ery,0.6699252724647522
W36955,13Baso,0.07271116226911545
W36956,14Mo,0.11753632128238678
W36957,14Mo,0.10802444070577621
W36958,16Neu,0.18972954154014587
W36959,1Ery,0.5900692343711853
W36960,6Ery,0.48081013560295105
W36961,14Mo,0.05237638205289841
W36962,14Mo,0.08546074479818344
W36963,15Mo,0.09142742305994034
W36964,13Baso,0.16001154482364655
W36966,15Mo,0.1520216315984726
W36967,1Ery,0.6633875370025635
W36969,8Mk,0.43178245425224304
W36970,15Mo,0.2543102502822876
W36971,14Mo,0.0998673364520073
W36972,10GMP,0.03719695284962654
W36973,9GMP,0.05437900125980377
W36974,4Ery,0.4608711302280426
W36975,15Mo,0.12027173489332199
W36976,4Ery,0.4134864807128906
W36977,11DC,0.21187834441661835
W36978,2Ery,0.6831079125404358
W36979,14Mo,0.04802439361810684
W36980,14Mo,0.05082576349377632
W36981,8Mk,0.21720868349075317
W36982,13Baso,0.03020506352186203
W36983,6Ery,0.42030543088912964
W36984,13Baso,0.09604821354150772
W36985,4Ery,0.45337241888046265
W36987,13Baso,0.022481722757220268
W36990,15Mo,0.11163709312677383
W36991,13Baso,0.10736357420682907
W36992,4Ery,0.5883759260177612
W36993,2Ery,0.6360592246055603
W36994,16Neu,0.19641071557998657
W36995,2Ery,0.6794719099998474
W36996,5Ery,0.456259548664093
W36997,2Ery,0.6376600861549377
W36998,5Ery,0.429460346698761
W36999,10GMP,0.030186060816049576
W37000,13Baso,0.1192963570356369
W37001,13Baso,0.14192883670330048
W37003,8Mk,0.27296438813209534
W37004,16Neu,0.22514939308166504
W37005,13Baso,0.08886852115392685
W37006,7MEP,0.3133423328399658
W37008,4Ery,0.5705868005752563
W37009,13Baso,0.07594264298677444
W37010,6Ery,0.2654423415660858
W37011,2Ery,0.5874967575073242
W37012,14Mo,0.08006829023361206
W37013,16Neu,0.1652371883392334
W37014,2Ery,0.5960769057273865
W37015,13Baso,0.01722407154738903
W37016,14Mo,0.10812436044216156
W37017,6Ery,0.4410202205181122
W37018,2Ery,0.6675808429718018
W37019,2Ery,0.5830146670341492
W37020,2Ery,0.6266217231750488
W37022,8Mk,0.1330847293138504
W37023,2Ery,0.6496772766113281
W37024,4Ery,0.5517992973327637
W37025,14Mo,0.17225436866283417
W37026,17Neu,0.13629522919654846
W37027,5Ery,0.42549702525138855
W37028,13Baso,0.11321428418159485
W37029,7MEP,0.2191353142261505
W37030,3Ery,0.4988192915916443
W37031,5Ery,0.5075381398200989
W37032,13Baso,0.1439017951488495
W37034,8Mk,0.43341493606567383
W37035,6Ery,0.2790543735027313
W37036,5Ery,0.5121682286262512
W37037,5Ery,0.4284788966178894
W37038,11DC,0.21188239753246307
W37039,5Ery,0.5271497368812561
W37040,15Mo,0.19839590787887573
W37041,2Ery,0.5275905728340149
W37042,2Ery,0.5378162860870361
W37043,15Mo,0.17991463840007782
W37044,15Mo,0.14035026729106903
W37045,13Baso,0.020179595798254013
W37046,14Mo,0.09083384275436401
W37047,14Mo,0.1598455011844635
W37048,14Mo,0.0993649810552597
W37049,5Ery,0.4351852238178253
W37050,7MEP,0.25547361373901367
W37051,3Ery,0.5122858285903931
W37052,2Ery,0.6078478693962097
W37053,7MEP,0.24021455645561218
W37054,1Ery,0.7598821520805359
W37055,14Mo,0.1556709259748459
W37056,2Ery,0.6587785482406616
W37057,15Mo,0.12491793185472488
W37058,13Baso,0.15820923447608948
W37059,4Ery,0.4691740572452545
W37060,13Baso,0.13325868546962738
W37061,6Ery,0.4010958969593048
W37063,9GMP,0.043173328042030334
W37065,3Ery,0.6444730758666992
W37066,6Ery,0.366058349609375
W37067,1Ery,0.7284970879554749
W37068,4Ery,0.5855656266212463
W37069,13Baso,0.11559344828128815
W37070,9GMP,0.05713031068444252
W37072,7MEP,0.2441638559103012
W37073,14Mo,0.13166381418704987
W37074,13Baso,0.016979055479168892
W37075,13Baso,0.15017540752887726
W37076,19Lymph,0.890440046787262
W37077,10GMP,0.03688521683216095
W37078,9GMP,0.06783748418092728
W37079,5Ery,0.42724549770355225
W37080,16Neu,0.2131240963935852
W37081,14Mo,0.13972878456115723
W37082,15Mo,0.12535059452056885
W37083,2Ery,0.5706886649131775
W37084,3Ery,0.6111752390861511
W37085,13Baso,0.06439267098903656
W37086,6Ery,0.4126989245414734
W37087,4Ery,0.5508277416229248
W37088,3Ery,0.5909266471862793
W37089,16Neu,0.15567950904369354
W37090,9GMP,0.10432110726833344
W37091,9GMP,0.1084107905626297
W37092,12Baso,0.18724113702774048
W37093,7MEP,0.2334776520729065
W37094,16Neu,0.19243991374969482
W37095,6Ery,0.33588987588882446
W37096,13Baso,0.030827263370156288
W37097,17Neu,0.1956818699836731
W37098,14Mo,0.10585160553455353
W37099,3Ery,0.6490283608436584
W37100,16Neu,0.19874542951583862
W37101,13Baso,0.04436616972088814
W37102,14Mo,0.1463010013103485
W37103,3Ery,0.6976599097251892
W37104,14Mo,0.09308087080717087
W37105,16Neu,0.16692698001861572
W37106,2Ery,0.5673556327819824
W37107,18Eos,0.3726547360420227
W37108,7MEP,0.2666689455509186
W37109,7MEP,0.25227153301239014
W37110,5Ery,0.5789366364479065
W37111,16Neu,0.13535092771053314
W37112,2Ery,0.6651846766471863
W37113,5Ery,0.5245290398597717
W37114,13Baso,0.10106658190488815
W37115,6Ery,0.3139308989048004
W37116,14Mo,0.08941274136304855
W37117,12Baso,0.20114395022392273
W37118,13Baso,0.023179903626441956
W37119,5Ery,0.585737943649292
W37120,2Ery,0.5591152906417847
W37121,2Ery,0.6059504747390747
W37122,14Mo,0.15011009573936462
W37123,16Neu,0.1526516079902649
W37124,14Mo,0.07050309330224991
W37125,1Ery,0.6985625624656677
W37126,11DC,0.21187329292297363
W37127,1Ery,0.7275233268737793
W37128,13Baso,0.05610773339867592
W37130,3Ery,0.497406005859375
W37131,5Ery,0.6775494813919067
W37132,16Neu,0.1406698226928711
W37133,16Neu,0.1893312782049179
W37134,6Ery,0.39414823055267334
W37135,1Ery,0.7325665950775146
W37137,14Mo,0.07458547502756119
W37138,16Neu,0.11497559398412704
W37139,2Ery,0.5837833285331726
W37140,10GMP,0.16553527116775513
W37141,5Ery,0.5169135928153992
W37142,14Mo,0.14517514407634735
W37143,2Ery,0.6435189247131348
W37144,6Ery,0.3767774701118469
W37145,5Ery,0.48072290420532227
W37146,1Ery,0.7257148027420044
W37147,5Ery,0.2724248170852661
W37148,15Mo,0.12948787212371826
W37149,19Lymph,0.9658747315406799
W37150,10GMP,0.07590220123529434
W37151,2Ery,0.5361757278442383
W37152,5Ery,0.5371643304824829
W37153,7MEP,0.23570266366004944
W37154,6Ery,0.5371583700180054
W37155,11DC,0.2118806391954422
W37156,4Ery,0.5476881265640259
W37157,15Mo,0.10954133421182632
W37158,3Ery,0.6340318322181702
W37159,2Ery,0.6421339511871338
W37161,7MEP,0.2813025414943695
W37162,1Ery,0.7179535031318665
W37163,7MEP,0.2601652145385742
W37164,5Ery,0.4405082166194916
W37165,3Ery,0.5895832180976868
W37166,3Ery,0.6330024003982544
W37167,13Baso,0.08135119080543518
W37168,3Ery,0.5450374484062195
W37169,15Mo,0.16489718854427338
W37170,15Mo,0.1084703579545021
W37171,4Ery,0.49363628029823303
W37172,14Mo,0.135176882147789
W37173,2Ery,0.6256980299949646
W37174,2Ery,0.6297106742858887
W37175,16Neu,0.15414448082447052
W37176,13Baso,0.11310122907161713
W37177,14Mo,0.05667968839406967
W37178,5Ery,0.47277623414993286
W37179,16Neu,0.1293337494134903
W37180,14Mo,0.1203986406326294
W37181,16Neu,0.11288589984178543
W37182,8Mk,0.2208348661661148
W37183,7MEP,0.29158881306648254
W37184,8Mk,0.22122129797935486
W37185,14Mo,0.10588199645280838
W37186,10GMP,0.02206401713192463
W37187,5Ery,0.5085870623588562
W37188,10GMP,0.21358980238437653
W37190,3Ery,0.528606116771698
W37191,13Baso,0.043921809643507004
W37192,14Mo,0.1491839736700058
W37193,3Ery,0.5941005945205688
W37194,2Ery,0.5918228626251221
W37195,2Ery,0.6742101311683655
W37196,14Mo,0.10272033512592316
W37197,2Ery,0.622441828250885
W37198,6Ery,0.30257725715637207
W37199,4Ery,0.6325118541717529
W37200,15Mo,0.16923290491104126
W37201,13Baso,0.09840022772550583
W37202,6Ery,0.45892319083213806
W37203,12Baso,0.10357362776994705
W37204,16Neu,0.18505656719207764
W37205,14Mo,0.12404555827379227
W37206,15Mo,0.1473841369152069
W37207,13Baso,0.13988544046878815
W37208,2Ery,0.5727062821388245
W37209,14Mo,0.09352841228246689
W37210,14Mo,0.10726384818553925
W37211,12Baso,0.134078249335289
W37212,10GMP,0.006433459930121899
W37213,7MEP,0.25294315814971924
W37215,2Ery,0.6189090013504028
W37216,4Ery,0.5348179340362549
W37217,3Ery,0.543487012386322
W37218,16Neu,0.1947956383228302
W37219,5Ery,0.5174242258071899
W37220,2Ery,0.5875348448753357
W37221,3Ery,0.562333345413208
W37223,2Ery,0.6642911434173584
W37224,14Mo,0.11381981521844864
W37225,14Mo,0.1127958744764328
W37226,8Mk,0.3158178925514221
W37227,5Ery,0.4901118576526642
W37228,7MEP,0.29788804054260254
W37229,7MEP,0.18653573095798492
W37230,16Neu,0.15891793370246887
W37231,2Ery,0.5179265737533569
W37232,13Baso,0.02462288737297058
W37233,5Ery,0.5134803652763367
W37234,5Ery,0.518706202507019
W37235,14Mo,0.09078862518072128
W37236,6Ery,0.33665555715560913
W37237,14Mo,0.11054343730211258
W37238,7MEP,0.13318666815757751
W37239,2Ery,0.5678890943527222
W37240,13Baso,0.05208159610629082
W37241,2Ery,0.6455297470092773
W37242,14Mo,0.06366487592458725
W37243,2Ery,0.6533132791519165
W37244,15Mo,0.18136346340179443
W37245,3Ery,0.5518510341644287
W37246,5Ery,0.5047158002853394
W37247,10GMP,0.24789340794086456
W37248,6Ery,0.38008880615234375
W37249,15Mo,0.11527261137962341
W37250,1Ery,0.6624952554702759
W37251,4Ery,0.5360974669456482
W37252,12Baso,0.19265975058078766
W37253,4Ery,0.5271044969558716
W37258,13Baso,0.10043399035930634
W37259,6Ery,0.5947931408882141
W37260,3Ery,0.4916715621948242
W37261,8Mk,0.2864559292793274
W37262,6Ery,0.43130025267601013
W37264,3Ery,0.5469735860824585
W37265,3Ery,0.6082133650779724
W37266,4Ery,0.6610350608825684
W37267,16Neu,0.20986339449882507
W37268,7MEP,0.28342440724372864
W37269,3Ery,0.6636027693748474
W37270,15Mo,0.13991543650627136
W37273,10GMP,0.04740213602781296
W37274,12Baso,0.09428982436656952
W37275,3Ery,0.6684659123420715
W37276,3Ery,0.572559118270874
W37277,14Mo,0.13029199838638306
W37278,9GMP,0.07513575255870819
W37279,12Baso,0.11088389158248901
W37280,15Mo,0.23628512024879456
W37281,15Mo,0.10599035024642944
W37282,2Ery,0.5884472727775574
W37283,14Mo,0.10272885859012604
W37284,4Ery,0.6015825867652893
W37285,3Ery,0.6418200731277466
W37286,14Mo,0.11776987463235855
W37288,14Mo,0.06968619674444199
W37289,8Mk,0.41726675629615784
W37290,16Neu,0.20117978751659393
W37291,10GMP,0.2101631909608841
W37292,2Ery,0.4641789495944977
W37293,2Ery,0.5349428057670593
W37294,3Ery,0.597812294960022
W37295,9GMP,0.23952612280845642
W37296,15Mo,0.13639678061008453
W37297,14Mo,0.1211305558681488
W37298,5Ery,0.5351926684379578
W37300,14Mo,0.05308714881539345
W37301,2Ery,0.6068986654281616
W37302,13Baso,0.08434388786554337
W37303,14Mo,0.10758302360773087
W37304,14Mo,0.12639938294887543
W37305,14Mo,0.05801016837358475
W37306,2Ery,0.6632243394851685
W37307,2Ery,0.6413176655769348
W37308,13Baso,0.12110521644353867
W37309,6Ery,0.3128751218318939
W37310,7MEP,0.1679619550704956
W37311,7MEP,0.2535024881362915
W37312,13Baso,0.058121513575315475
W37313,3Ery,0.571406900882721
W37314,3Ery,0.4396349787712097
W37315,14Mo,0.10003160685300827
W37317,2Ery,0.4922284185886383
W37318,2Ery,0.5374868512153625
W37319,8Mk,0.21854490041732788
W37320,7MEP,0.2750290632247925
W37322,16Neu,0.12748803198337555
W37323,5Ery,0.4609408676624298
W37324,14Mo,0.15198318660259247
W37325,2Ery,0.4671294093132019
W37326,14Mo,0.105271115899086
W37327,8Mk,0.18335659801959991
W37328,7MEP,0.21331919729709625
W37329,19Lymph,0.8769389986991882
W37330,14Mo,0.12677128612995148
W37331,12Baso,0.25638413429260254
W37332,13Baso,0.10680804401636124
W37334,12Baso,0.24181325733661652
W37335,13Baso,0.11468996107578278
W37336,4Ery,0.5666322708129883
W37337,14Mo,0.07133310288190842
W37338,2Ery,0.6777374148368835
W37339,5Ery,0.5718961954116821
W37340,11DC,0.21188250184059143
W37341,16Neu,0.22376883029937744
W37342,3Ery,0.5792080760002136
W37343,11DC,0.211877703666687
W37344,3Ery,0.5571982264518738
W37345,4Ery,0.5856213569641113
W37346,3Ery,0.6563429832458496
W37347,6Ery,0.39123010635375977
W37348,15Mo,0.18805216252803802
W37349,17Neu,0.2829625904560089
W37350,14Mo,0.1517351269721985
W37353,4Ery,0.6923929452896118
W37354,9GMP,0.048010751605033875
W37355,7MEP,0.23959755897521973
W37356,7MEP,0.23666365444660187
W37357,14Mo,0.09005402028560638
W37358,13Baso,0.045238614082336426
W37361,4Ery,0.5734959244728088
W37362,13Baso,0.07999302446842194
W37363,14Mo,0.0628117099404335
W37364,3Ery,0.578978419303894
W37365,2Ery,0.663926899433136
W37366,3Ery,0.5713140964508057
W37367,14Mo,0.15244556963443756
W37369,6Ery,0.48373857140541077
W37371,2Ery,0.5589215755462646
W37372,10GMP,0.023761184886097908
W37373,13Baso,0.0595470555126667
W37374,5Ery,0.4425714313983917
W37375,7MEP,0.257862389087677
W37376,13Baso,0.12611879408359528
W37377,3Ery,0.6526538729667664
W37378,2Ery,0.5455037951469421
W37379,14Mo,0.12050650268793106
W37380,3Ery,0.5716341137886047
W37381,2Ery,0.6054970026016235
W37382,10GMP,0.24734064936637878
W37384,13Baso,0.15474629402160645
W37385,14Mo,0.10308580845594406
W37386,4Ery,0.5514398217201233
W37387,5Ery,0.49051037430763245
W37388,18Eos,0.11391828954219818
W37389,2Ery,0.45640286803245544
W37390,14Mo,0.08539126813411713
W37391,3Ery,0.5934985876083374
W37392,13Baso,0.051262266933918
W37393,5Ery,0.4491173326969147
W37394,12Baso,0.09934300929307938
W37395,5Ery,0.4194277226924896
W37396,2Ery,0.5980468988418579
W37397,7MEP,0.23345038294792175
W37398,5Ery,0.36526328325271606
W37399,16Neu,0.1794348508119583
W37401,15Mo,0.180530846118927
W37402,14Mo,0.09039676189422607
W37403,5Ery,0.5773530006408691
W37405,16Neu,0.18403026461601257
W37406,2Ery,0.6149956583976746
W37407,2Ery,0.5292648673057556
W37409,6Ery,0.5170709490776062
W37410,2Ery,0.6136540770530701
W37411,5Ery,0.5031570196151733
W37412,14Mo,0.05491141229867935
W37413,2Ery,0.6350411772727966
W37414,3Ery,0.48729902505874634
W37415,5Ery,0.567348301410675
W37417,16Neu,0.22173291444778442
W37418,10GMP,0.03843685984611511
W37419,14Mo,0.1295143961906433
W37420,1Ery,0.6846771240234375
W37421,2Ery,0.6209754347801208
W37422,3Ery,0.5906424522399902
W37424,15Mo,0.1908435970544815
W37425,7MEP,0.2054334133863449
W37426,4Ery,0.5384655594825745
W37427,7MEP,0.23251256346702576
W37428,5Ery,0.46977895498275757
W37429,2Ery,0.5634661316871643
W37430,13Baso,0.05823491886258125
W37431,14Mo,0.12059693038463593
W37432,15Mo,0.11708185821771622
W37433,2Ery,0.6429975032806396
W37434,14Mo,0.08131182938814163
W37435,6Ery,0.4277498126029968
W37436,12Baso,0.07637722045183182
W37437,2Ery,0.5848390460014343
W37439,19Lymph,0.812092661857605
W37442,6Ery,0.437529057264328
W37443,14Mo,0.08505837619304657
W37446,6Ery,0.28438064455986023
W37449,17Neu,0.2626339793205261
W37450,6Ery,0.5182718634605408
W37451,6Ery,0.23600521683692932
W37452,9GMP,0.09142804145812988
W37453,3Ery,0.5644925832748413
W37454,14Mo,0.13401086628437042
W37455,6Ery,0.4626688063144684
W37456,15Mo,0.1855340301990509
W37457,15Mo,0.12873515486717224
W37458,13Baso,0.11287837475538254
W37459,3Ery,0.6240853667259216
W37460,16Neu,0.22851575911045074
W37461,7MEP,0.22949279844760895
W37462,3Ery,0.5966098308563232
W37463,13Baso,0.1262626200914383
W37465,3Ery,0.6250112652778625
W37466,14Mo,0.10408938676118851
W37467,14Mo,0.13139289617538452
W37468,8Mk,0.21204107999801636
W37469,16Neu,0.10895319283008575
W37470,14Mo,0.07005845755338669
W37471,17Neu,0.2616567015647888
W37473,3Ery,0.6736173629760742
W37474,5Ery,0.47050637006759644
W37475,10GMP,0.02774162031710148
W37476,16Neu,0.1677989661693573
W37477,2Ery,0.5350103974342346
W37478,14Mo,0.09238454699516296
W37479,6Ery,0.33320680260658264
W37480,14Mo,0.1227252185344696
W37481,13Baso,0.10673364996910095
W37482,5Ery,0.451205313205719
W37483,10GMP,0.10583171993494034
W37484,7MEP,0.26971128582954407
W37485,2Ery,0.6138532161712646
W37486,2Ery,0.5367198586463928
W37487,2Ery,0.6337189674377441
W37488,14Mo,0.06940854340791702
W37489,7MEP,0.2857925593852997
W37490,8Mk,0.3005216121673584
W37491,14Mo,0.09970850497484207
W37492,2Ery,0.5842928886413574
W37493,2Ery,0.5104976892471313
W37494,14Mo,0.06658372282981873
W37496,13Baso,0.1072351485490799
W37497,7MEP,0.2773628532886505
W37498,4Ery,0.6271509528160095
W37499,13Baso,0.08080297708511353
W37500,13Baso,0.07467862963676453
W37501,5Ery,0.45740702748298645
W37502,2Ery,0.6604979634284973
W37503,18Eos,0.4167002737522125
W37504,15Mo,0.15733130276203156
W37505,5Ery,0.48988232016563416
W37506,7MEP,0.260294109582901
W37507,2Ery,0.6068612933158875
W37508,13Baso,0.1565319001674652
W37509,14Mo,0.1405496895313263
W37510,6Ery,0.3027435541152954
W37511,5Ery,0.5053234100341797
W37512,4Ery,0.5699238777160645
W37514,13Baso,0.06533517688512802
W37515,7MEP,0.26118433475494385
W37516,5Ery,0.3906554877758026
W37517,5Ery,0.45039036870002747
W37518,10GMP,0.03427662327885628
W37519,16Neu,0.2110690027475357
W37520,2Ery,0.5894938111305237
W37521,14Mo,0.13740810751914978
W37522,3Ery,0.629142165184021
W37523,2Ery,0.5816791653633118
W37524,10GMP,0.045215755701065063
W37525,16Neu,0.14471037685871124
W37526,8Mk,0.21239244937896729
W37527,6Ery,0.2842988669872284
W37528,15Mo,0.12813906371593475
W37529,5Ery,0.48535463213920593
W37530,10GMP,0.04768188297748566
W37531,7MEP,0.2509165108203888
W37532,14Mo,0.09534376859664917
W37533,19Lymph,0.8830545544624329
W37534,2Ery,0.6704849004745483
W37535,15Mo,0.08873024582862854
W37537,3Ery,0.6255541443824768
W37538,6Ery,0.45072266459465027
W37539,1Ery,0.6943133473396301
W37540,2Ery,0.6493480801582336
W37541,3Ery,0.6546483635902405
W37542,4Ery,0.6087740659713745
W37545,6Ery,0.4451889097690582
W37546,13Baso,0.080906443297863
W37548,3Ery,0.4722500741481781
W37549,5Ery,0.45223402976989746
W37551,14Mo,0.19929058849811554
W37552,13Baso,0.1410559117794037
W37553,13Baso,0.08571654558181763
W37554,3Ery,0.569483757019043
W37555,4Ery,0.5366677641868591
W37557,7MEP,0.25214824080467224
W37558,10GMP,0.06784995645284653
W37559,11DC,0.2118745893239975
W37561,3Ery,0.579077422618866
W37562,13Baso,0.02223575860261917
W37563,2Ery,0.4672258794307709
W37564,13Baso,0.1400885432958603
W37565,2Ery,0.6040088534355164
W37566,4Ery,0.5344261527061462
W37567,10GMP,0.0713697075843811
W37568,16Neu,0.22226889431476593
W37569,14Mo,0.09046105295419693
W37570,16Neu,0.1594155877828598
W37572,10GMP,0.09672150760889053
W37573,2Ery,0.573927104473114
W37574,2Ery,0.6327487230300903
W37575,6Ery,0.40589892864227295
W37577,3Ery,0.5758130550384521
W37578,14Mo,0.11070556938648224
W37579,14Mo,0.03897254914045334
W37580,15Mo,0.1525791734457016
W37581,10GMP,0.012611614540219307
W37582,13Baso,0.1466476321220398
W37583,3Ery,0.5065373778343201
W37584,7MEP,0.24775780737400055
W37585,13Baso,0.07631126046180725
W37586,2Ery,0.6240025162696838
W37587,14Mo,0.05495969206094742
W37588,14Mo,0.12476438283920288
W37589,15Mo,0.1343601942062378
W37591,4Ery,0.6247612237930298
W37593,15Mo,0.16159437596797943
W37594,14Mo,0.11867733299732208
W37595,10GMP,0.06448650360107422
W37596,13Baso,0.006299282889813185
W37597,16Neu,0.13333527743816376
W37599,8Mk,0.278550922870636
W37601,13Baso,0.08942991495132446
W37602,5Ery,0.5046029090881348
W37603,6Ery,0.3401438593864441
W37604,14Mo,0.05753638967871666
W37605,2Ery,0.568217396736145
W37606,6Ery,0.4244437515735626
W37607,3Ery,0.5650105476379395
W37608,14Mo,0.07885555922985077
W37609,7MEP,0.26315757632255554
W37610,7MEP,0.24000437557697296
W37611,14Mo,0.09996116161346436
W37612,5Ery,0.4261265695095062
W37613,13Baso,0.13830281794071198
W37614,2Ery,0.579973578453064
W37615,16Neu,0.11378591507673264
W37617,12Baso,0.24216951429843903
W37618,14Mo,0.09272376447916031
W37619,8Mk,0.2871995270252228
W37620,4Ery,0.5679551959037781
W37621,3Ery,0.6049599647521973
W37622,2Ery,0.565227210521698
W37624,14Mo,0.09765651077032089
W37625,7MEP,0.23483364284038544
W37626,19Lymph,0.8059510588645935
W37627,7MEP,0.20897890627384186
W37628,10GMP,0.16810287535190582
W37629,13Baso,0.10754270851612091
W37630,2Ery,0.6516018509864807
W37631,2Ery,0.5816969275474548
W37633,3Ery,0.5736385583877563
W37634,3Ery,0.5916444659233093
W37635,6Ery,0.450607568025589
W37642,7MEP,0.19784682989120483
W37644,8Mk,0.03149142488837242
W37650,2Ery,0.46599429845809937
W37651,1Ery,0.6210324764251709
W37653,9GMP,0.07405540347099304
W37654,13Baso,0.14501674473285675
W37657,15Mo,0.14210069179534912
W37658,6Ery,0.28647133708000183
W37660,13Baso,0.1487778127193451
W37661,3Ery,0.5274549126625061
W37663,16Neu,0.18940836191177368
W37664,14Mo,0.11482633650302887
W37665,5Ery,0.5679755806922913
W37666,7MEP,0.24479812383651733
W37667,13Baso,0.11663158237934113
W37668,4Ery,0.5049012899398804
W37669,13Baso,0.10560938715934753
W37670,2Ery,0.5618894696235657
W37673,15Mo,0.09142637252807617
W37674,7MEP,0.19332817196846008
W37675,3Ery,0.5615918636322021
W37676,10GMP,0.016218144446611404
W37680,13Baso,0.07954493910074234
W37682,3Ery,0.6013240814208984
W37683,1Ery,0.649261474609375
W37684,13Baso,0.020146692171692848
W37685,13Baso,0.05369728058576584
W37686,7MEP,0.25195130705833435
W37687,16Neu,0.14345279335975647
W37689,14Mo,0.054871052503585815
W37691,3Ery,0.6612723469734192
W37692,2Ery,0.6107099056243896
W37693,1Ery,0.6394659876823425
W37694,13Baso,0.11405421793460846
W37696,15Mo,0.18048293888568878
W37698,8Mk,0.21489709615707397
W37699,2Ery,0.6467540860176086
W37700,14Mo,0.13160285353660583
W37701,14Mo,0.12072362005710602
W37702,14Mo,0.08061964064836502
W37704,9GMP,0.02244868502020836
W37706,14Mo,0.10238926112651825
W37707,14Mo,0.05659046024084091
W37708,2Ery,0.5914555191993713
W37709,7MEP,0.26298078894615173
W37710,2Ery,0.656173050403595
W37711,16Neu,0.2314741611480713
W37712,10GMP,0.029442796483635902
W37713,6Ery,0.37212926149368286
W37714,2Ery,0.6323450207710266
W37715,15Mo,0.07305939495563507
W37716,14Mo,0.04737073928117752
W37717,15Mo,0.19036084413528442
W37718,3Ery,0.47843968868255615
W37719,12Baso,0.028313562273979187
W37720,2Ery,0.5817726850509644
W37721,13Baso,0.03322211280465126
W37722,13Baso,0.07750964164733887
W37723,7MEP,0.21477793157100677
W37724,6Ery,0.46420779824256897
W37725,5Ery,0.5471925139427185
W37726,2Ery,0.6150291562080383
W37727,19Lymph,0.8917208909988403
W37728,14Mo,0.1285770982503891
W37729,12Baso,0.1881326287984848
W37730,2Ery,0.6517460346221924
W37731,16Neu,0.13490575551986694
W37737,4Ery,0.5220971703529358
W37738,6Ery,0.4375438690185547
W37739,13Baso,0.026975959539413452
W37745,4Ery,0.5278173685073853
W37746,2Ery,0.6494842767715454
W37747,4Ery,0.558281660079956
W37748,15Mo,0.1479925811290741
W37753,1Ery,0.7062651515007019
W37754,15Mo,0.21650700271129608
W37756,13Baso,0.10757163166999817
W37758,15Mo,0.06869988888502121
W37759,3Ery,0.662792444229126
W37761,6Ery,0.419175386428833
W37762,12Baso,0.09506051987409592
W37763,12Baso,0.13615955412387848
W37764,13Baso,0.10847164690494537
W37765,5Ery,0.5051040649414062
W37766,16Neu,0.1614966243505478
W37769,6Ery,0.45998358726501465
W37770,13Baso,0.12373343110084534
W37771,2Ery,0.616182804107666
W37772,14Mo,0.13346919417381287
W37776,3Ery,0.4765514135360718
W37777,14Mo,0.11742336302995682
W37778,8Mk,0.23360782861709595
W37779,2Ery,0.6633433103561401
W37780,9GMP,0.05252290517091751
W37781,4Ery,0.4908888638019562
W37782,3Ery,0.49955669045448303
W37786,3Ery,0.5824747085571289
W37788,14Mo,0.11338271200656891
W37790,2Ery,0.5833863019943237
W37793,10GMP,0.05563071370124817
W37794,16Neu,0.24610798060894012
W37795,6Ery,0.3781687617301941
W37796,14Mo,0.10787263512611389
W37797,16Neu,0.13739663362503052
W37798,5Ery,0.5752983093261719
W37799,10GMP,0.02349560149013996
W37800,16Neu,0.0780201256275177
W37801,12Baso,0.27746784687042236
W37802,11DC,0.21188299357891083
W37803,15Mo,0.13190199434757233
W37804,2Ery,0.5990539789199829
W37805,13Baso,0.09895286709070206
W37806,7MEP,0.22541601955890656
W37807,13Baso,0.1056051179766655
W37809,13Baso,0.10447940975427628
W37811,2Ery,0.5659947395324707
W37812,6Ery,0.39475688338279724
W37813,14Mo,0.11469268053770065
W37817,5Ery,0.5269201993942261
W37818,16Neu,0.19809716939926147
W37819,5Ery,0.483235627412796
W37820,6Ery,0.48246797919273376
W37821,18Eos,0.3706939220428467
W37822,14Mo,0.10642124712467194
W37825,14Mo,0.07382716238498688
W37826,13Baso,0.07345682382583618
W37828,15Mo,0.2043459564447403
W37830,2Ery,0.594767153263092
W37833,2Ery,0.6646998524665833
W37835,13Baso,0.08588388562202454
W37838,3Ery,0.5296611785888672
W37841,2Ery,0.5770686864852905
W37842,15Mo,0.1282128244638443
W37843,12Baso,0.11099764704704285
W37844,7MEP,0.3086385130882263
W37847,3Ery,0.4999452829360962
W37848,4Ery,0.4418637454509735
W37849,15Mo,0.10399406403303146
W37850,14Mo,0.13674122095108032
W37851,4Ery,0.6195303201675415
W37852,4Ery,0.4976511597633362
W37853,13Baso,0.101929672062397
W37854,9GMP,0.03032693639397621
W37857,12Baso,0.10879082977771759
W37858,2Ery,0.646709680557251
W37859,4Ery,0.4832630753517151
W37860,9GMP,0.14158692955970764
W37861,16Neu,0.23188188672065735
W37863,16Neu,0.20035116374492645
W37864,2Ery,0.6095131635665894
W37865,2Ery,0.6238051056861877
W37866,16Neu,0.17444993555545807
W37867,7MEP,0.27604615688323975
W37868,14Mo,0.04865915700793266
W37870,14Mo,0.10050757974386215
W37872,14Mo,0.013297280296683311
W37873,5Ery,0.5272079110145569
W37874,5Ery,0.6313327550888062
W37875,3Ery,0.5851558446884155
W37876,3Ery,0.5502797961235046
W37878,2Ery,0.622480034828186
W37879,18Eos,0.36086609959602356
W37880,14Mo,0.059567175805568695
W37881,3Ery,0.5941342711448669
W37882,14Mo,0.0882151797413826
W37883,14Mo,0.12115656584501266
W37885,12Baso,0.18769440054893494
W37886,14Mo,0.0847054123878479
W37887,4Ery,0.5131233334541321
W37888,3Ery,0.5969133973121643
W37889,14Mo,0.1425396353006363
W37890,7MEP,0.27256283164024353
W37891,5Ery,0.32614970207214355
W37892,12Baso,0.10573176294565201
W37893,2Ery,0.5632933974266052
W37894,15Mo,0.13862192630767822
W37895,14Mo,0.13014140725135803
W37896,3Ery,0.6014447808265686
W37898,14Mo,0.12744666635990143
W37899,2Ery,0.6694099307060242
W37900,3Ery,0.5729801058769226
W37901,2Ery,0.6987048983573914
W37902,16Neu,0.17288468778133392
W37903,7MEP,0.2903469204902649
W37904,2Ery,0.5175918340682983
W37906,10GMP,0.015199592337012291
W37907,7MEP,0.19388306140899658
W37908,5Ery,0.428523987531662
W37909,5Ery,0.3472062647342682
W37910,13Baso,0.0191614031791687
W37913,6Ery,0.3243245780467987
W37914,7MEP,0.28804969787597656
W37915,3Ery,0.5729949474334717
W37916,10GMP,0.2236720472574234
W37917,5Ery,0.5519070029258728
W37918,5Ery,0.49828460812568665
W37919,1Ery,0.5190212726593018
W37921,13Baso,0.09360721707344055
W37922,15Mo,0.15306739509105682
W37923,3Ery,0.5119583606719971
W37924,6Ery,0.3200083076953888
W37929,14Mo,0.10695143043994904
W37930,11DC,0.21188460290431976
W37935,3Ery,0.5363144874572754
W37937,3Ery,0.5178529620170593
W37938,3Ery,0.6222544312477112
W37939,16Neu,0.16153781116008759
W37940,3Ery,0.474103718996048
W37941,9GMP,0.026133107021450996
W37942,14Mo,0.141485333442688
W37943,12Baso,0.19538074731826782
W37945,9GMP,0.10332806408405304
W37946,14Mo,0.09576308727264404
W37948,14Mo,0.1431661695241928
W37951,8Mk,0.20933978259563446
W37952,5Ery,0.43880695104599
W37953,15Mo,0.15815632045269012
W37954,15Mo,0.09391782432794571
W37955,3Ery,0.5842064023017883
W37956,16Neu,0.21205125749111176
W37957,15Mo,0.16904914379119873
W37959,4Ery,0.5712741017341614
W37960,3Ery,0.5055128335952759
W37961,8Mk,0.21024534106254578
W37962,15Mo,0.12092889100313187
W37963,14Mo,0.16287603974342346
W37964,5Ery,0.5418984293937683
W37965,3Ery,0.4509233832359314
W37967,4Ery,0.47793054580688477
W37969,2Ery,0.5022518634796143
W37970,8Mk,0.1062520444393158
W37971,7MEP,0.25918465852737427
W37972,10GMP,0.030677657574415207
W37974,15Mo,0.1715773642063141
W37975,14Mo,0.16240294277668
W37977,13Baso,0.0296506118029356
W37978,3Ery,0.5768601894378662
W37979,7MEP,0.1949184685945511
W37980,2Ery,0.6623941659927368
W37982,13Baso,0.14003300666809082
W37983,2Ery,0.5614652037620544
W37984,10GMP,0.045619554817676544
W37985,2Ery,0.6327526569366455
W37986,2Ery,0.5309557914733887
W37988,2Ery,0.6417914032936096
W37989,12Baso,0.10222633183002472
W37990,14Mo,0.11563156545162201
W37991,1Ery,0.6572965979576111
W37992,14Mo,0.09166816622018814
W37993,14Mo,0.07851036638021469
W37994,2Ery,0.6952411532402039
W37995,14Mo,0.14398838579654694
W37996,16Neu,0.16163545846939087
W37997,14Mo,0.10727723687887192
W38000,8Mk,0.22009675204753876
W38001,16Neu,0.0612727589905262
W38002,16Neu,0.2102573961019516
W38003,2Ery,0.5614469647407532
W38004,8Mk,0.23181374371051788
W38005,5Ery,0.535375714302063
W38006,6Ery,0.3830675780773163
W38007,19Lymph,1.0
W38008,15Mo,0.1762363165616989
W38009,13Baso,0.07469300180673599
W38010,5Ery,0.39076679944992065
W38011,14Mo,0.1015114039182663
W38012,5Ery,0.5964351892471313
W38013,6Ery,0.38594046235084534
W38014,16Neu,0.18789678812026978
W38017,3Ery,0.6615755558013916
W38018,15Mo,0.15396732091903687
W38019,7MEP,0.2572363615036011
W38020,7MEP,0.27431878447532654
W38021,10GMP,0.031894750893116
W38022,14Mo,0.12314047664403915
W38023,3Ery,0.6475659012794495
W38025,4Ery,0.507269561290741
W38026,13Baso,0.1488456279039383
W38027,15Mo,0.12507112324237823
W38028,11DC,0.21188457310199738
W38030,17Neu,0.253134548664093
W38031,4Ery,0.5129244327545166
W38032,6Ery,0.49738210439682007
W38033,3Ery,0.6551831364631653
W38034,3Ery,0.682356595993042
W38035,7MEP,0.16368983685970306
W38036,8Mk,0.16330301761627197
W38037,6Ery,0.322271466255188
W38038,11DC,0.0510929711163044
W38039,16Neu,0.14064368605613708
W38040,3Ery,0.5999622344970703
W38041,14Mo,0.17547611892223358
W38042,4Ery,0.6010016202926636
W38043,4Ery,0.6363667249679565
W38044,11DC,0.21187956631183624
W38045,3Ery,0.43064549565315247
W38046,14Mo,0.12641441822052002
W38047,15Mo,0.14098231494426727
W38048,3Ery,0.6855544447898865
W38049,10GMP,0.02998681552708149
W38050,6Ery,0.3755439519882202
W38051,2Ery,0.5076937079429626
W38052,16Neu,0.20280829071998596
W38053,15Mo,0.14124226570129395
W38054,7MEP,0.21019984781742096
W38055,3Ery,0.5899946689605713
W38056,10GMP,0.06942722201347351
W38057,3Ery,0.6318058371543884
W38058,14Mo,0.08860398083925247
W38059,7MEP,0.24208150804042816
W38060,6Ery,0.4490225911140442
W38061,10GMP,0.03921133279800415
W38062,10GMP,0.015746790915727615
W38063,3Ery,0.6191609501838684
W38064,7MEP,0.2470199018716812
W38065,2Ery,0.6070316433906555
W38066,4Ery,0.5043829679489136
W38067,7MEP,0.24443067610263824
W38068,13Baso,0.09012385457754135
W38069,6Ery,0.360139399766922
W38070,15Mo,0.13828542828559875
W38071,8Mk,0.21822254359722137
W38072,10GMP,0.016116928309202194
W38073,4Ery,0.5508857369422913
W38074,4Ery,0.6472594141960144
W38075,3Ery,0.5768380761146545
W38076,7MEP,0.30108267068862915
W38077,2Ery,0.6674007773399353
W38078,16Neu,0.15421223640441895
W38079,3Ery,0.5783907175064087
W38080,3Ery,0.6104869842529297
W38081,6Ery,0.4527513086795807
W38082,6Ery,0.30779433250427246
W38083,7MEP,0.20784369111061096
W38084,4Ery,0.5450490117073059
W38085,16Neu,0.17156660556793213
W38086,2Ery,0.5809494256973267
W38087,13Baso,0.06011274829506874
W38088,10GMP,0.0491446889936924
W38090,3Ery,0.5543578267097473
W38091,3Ery,0.683083176612854
W38092,10GMP,0.009435714222490788
W38093,6Ery,0.37640008330345154
W38094,14Mo,0.029960401356220245
W38095,15Mo,0.10305886715650558
W38096,7MEP,0.24802212417125702
W38097,13Baso,0.03450648486614227
W38098,14Mo,0.13878509402275085
W38100,14Mo,0.056595951318740845
W38101,14Mo,0.09991853684186935
W38102,2Ery,0.5859104990959167
W38103,16Neu,0.19193486869335175
W38104,7MEP,0.2441442459821701
W38105,14Mo,0.07393687218427658
W38106,10GMP,0.04150867462158203
W38107,14Mo,0.12271666526794434
W38108,6Ery,0.39946818351745605
W38109,14Mo,0.126909077167511
W38110,16Neu,0.19872303307056427
W38111,2Ery,0.6048023104667664
W38112,10GMP,0.03925486281514168
W38113,16Neu,0.20386075973510742
W38114,14Mo,0.0220009908080101
W38115,14Mo,0.09755309671163559
W38116,5Ery,0.4837213456630707
W38117,12Baso,0.11354966461658478
W38118,4Ery,0.6013648509979248
W38119,3Ery,0.6249600648880005
W38121,13Baso,0.020887861028313637
W38123,2Ery,0.6367658376693726
W38124,4Ery,0.5335060358047485
W38125,4Ery,0.500983476638794
W38126,3Ery,0.45326370000839233
W38127,3Ery,0.4940166175365448
W38128,13Baso,0.040917180478572845
W38129,12Baso,0.09969447553157806
W38130,14Mo,0.10946419835090637
W38131,16Neu,0.1882495880126953
W38132,3Ery,0.4691312909126282
W38133,5Ery,0.5597204566001892
W38134,6Ery,0.3233925402164459
W38135,7MEP,0.24470515549182892
W38136,4Ery,0.6013399958610535
W38137,4Ery,0.5728359818458557
W38138,5Ery,0.6202563643455505
W38140,14Mo,0.06799880415201187
W38141,14Mo,0.024835828691720963
W38142,2Ery,0.6197639107704163
W38143,12Baso,0.24980348348617554
W38144,3Ery,0.5766783356666565
W38145,5Ery,0.5269396305084229
W38146,2Ery,0.5961536765098572
W38147,2Ery,0.6721954941749573
W38148,16Neu,0.22307869791984558
W38149,7MEP,0.2385084480047226
W38150,5Ery,0.46529820561408997
W38151,2Ery,0.6267094016075134
W38152,7MEP,0.24884332716464996
W38153,3Ery,0.4571431577205658
W38154,4Ery,0.5695671439170837
W38155,2Ery,0.6480381488800049
W38156,5Ery,0.5263345241546631
W38157,10GMP,0.040917281061410904
W38158,1Ery,0.6941710114479065
W38159,10GMP,0.06885213404893875
W38160,11DC,0.21187660098075867
W38161,16Neu,0.06463498622179031
W38162,2Ery,0.6281147003173828
W38163,2Ery,0.6526013612747192
W38164,2Ery,0.6992295384407043
W38165,5Ery,0.4855576455593109
W38166,5Ery,0.5308645963668823
W38167,14Mo,0.13080939650535583
W38168,14Mo,0.14034993946552277
W38169,16Neu,0.21151338517665863
W38170,10GMP,0.233561709523201
W38171,14Mo,0.11719239503145218
W38172,14Mo,0.08246533572673798
W38173,4Ery,0.5313962697982788
W38175,2Ery,0.7336277365684509
W38176,6Ery,0.48192155361175537
W38177,2Ery,0.6194204092025757
W38178,19Lymph,0.94971764087677
W38180,16Neu,0.15631534159183502
W38181,1Ery,0.6052972078323364
W38182,13Baso,0.05707814544439316
W38183,3Ery,0.5585916042327881
W38184,15Mo,0.10037064552307129
W38185,3Ery,0.6195496916770935
W38186,5Ery,0.5777565240859985
W38187,2Ery,0.5935795307159424
W38188,2Ery,0.6704395413398743
W38189,16Neu,0.18520134687423706
W38190,4Ery,0.5469169020652771
W38191,12Baso,0.12955695390701294
W38192,3Ery,0.6305371522903442
W38193,12Baso,0.20296470820903778
W38194,14Mo,0.13516540825366974
W38195,15Mo,0.1706688106060028
W38196,14Mo,0.09329605102539062
W38197,10GMP,0.029849862679839134
W38198,6Ery,0.48231494426727295
W38199,12Baso,0.10010993480682373
W38200,2Ery,0.6399672031402588
W38201,3Ery,0.6159864664077759
W38202,4Ery,0.49897894263267517
W38203,7MEP,0.22484545409679413
W38204,4Ery,0.5801887512207031
W38205,15Mo,0.13603439927101135
W38206,2Ery,0.5836032032966614
W38207,7MEP,0.19678327441215515
W38208,14Mo,0.12181024998426437
W38209,3Ery,0.5815924406051636
W38210,13Baso,0.14011767506599426
W38211,3Ery,0.6473312973976135
W38212,15Mo,0.08876636624336243
W38213,15Mo,0.17518511414527893
W38214,13Baso,0.1525861620903015
W38215,14Mo,0.0670466497540474
W38217,4Ery,0.7103625535964966
W38218,14Mo,0.11138904094696045
W38219,6Ery,0.28771570324897766
W38220,3Ery,0.6142096519470215
W38221,14Mo,0.05875323712825775
W38222,8Mk,0.2524116337299347
W38223,8Mk,0.20911772549152374
W38224,7MEP,0.2639491856098175
W38225,15Mo,0.16638782620429993
W38226,15Mo,0.23114095628261566
W38227,13Baso,0.0920054018497467
W38228,16Neu,0.21942485868930817
W38229,6Ery,0.4004642963409424
W38230,3Ery,0.5768852233886719
W38231,2Ery,0.6735330820083618
W38232,13Baso,0.1034812405705452
W38233,3Ery,0.6490433216094971
W38234,3Ery,0.5928120613098145
W38235,13Baso,0.11587779968976974
W38236,11DC,0.21188290417194366
W38237,10GMP,0.02289854735136032
W38238,4Ery,0.49046313762664795
W38239,2Ery,0.6971035003662109
W38240,7MEP,0.2453579604625702
W38241,7MEP,0.2246195375919342
W38242,6Ery,0.5037991404533386
W38243,3Ery,0.568284809589386
W38244,16Neu,0.1755107343196869
W38245,7MEP,0.27505040168762207
W38246,14Mo,0.07622838020324707
W38247,3Ery,0.4651203155517578
W38248,6Ery,0.5113814473152161
W38249,9GMP,0.07497529685497284
W38250,12Baso,0.12089742720127106
W38251,3Ery,0.6710894703865051
W38252,14Mo,0.11557966470718384
W38253,10GMP,0.012601682916283607
W38254,4Ery,0.5512089133262634
W38255,7MEP,0.26098495721817017
W38256,6Ery,0.4282208979129791
W38257,14Mo,0.07021193206310272
W38258,14Mo,0.14753715693950653
W38259,4Ery,0.567531168460846
W38260,3Ery,0.5863321423530579
W38261,3Ery,0.5797907114028931
W38262,2Ery,0.5661327242851257
W38263,16Neu,0.19170694053173065
W38264,3Ery,0.6054415702819824
W38266,7MEP,0.2481476366519928
W38267,18Eos,0.3350820541381836
W38268,6Ery,0.48368752002716064
W38269,13Baso,0.07894245535135269
W38270,4Ery,0.4827517867088318
W38271,10GMP,0.0247043427079916
W38272,6Ery,0.43937695026397705
W38273,2Ery,0.6020105481147766
W38274,12Baso,0.23214443027973175
W38275,1Ery,0.6573118567466736
W38276,4Ery,0.5067731738090515
W38277,13Baso,0.09121087938547134
W38278,14Mo,0.1257135421037674
W38279,14Mo,0.11864552646875381
W38280,13Baso,0.061918992549180984
W38282,3Ery,0.6025619506835938
W38283,3Ery,0.6448217630386353
W38284,16Neu,0.20561234652996063
W38285,15Mo,0.11245027184486389
W38286,14Mo,0.012791326269507408
W38287,3Ery,0.5136488080024719
W38288,6Ery,0.38691702485084534
W38289,2Ery,0.5872846841812134
W38290,10GMP,0.029183654114603996
W38291,14Mo,0.09676842391490936
W38292,5Ery,0.4456324875354767
W38293,4Ery,0.5511241555213928
W38294,15Mo,0.1096791923046112
W38295,13Baso,0.13473501801490784
W38296,15Mo,0.1540091186761856
W38297,13Baso,0.0661819726228714
W38298,14Mo,0.10524986684322357
W38299,12Baso,0.15634894371032715
W38300,16Neu,0.12247424572706223
W38301,13Baso,0.0173655953258276
W38302,6Ery,0.534929096698761
W38303,15Mo,0.10863771289587021
W38304,4Ery,0.5046494603157043
W38305,14Mo,0.05834930017590523
W38306,13Baso,0.035113561898469925
W38307,15Mo,0.12175253033638
W38308,3Ery,0.535220742225647
W38309,10GMP,0.1295815110206604
W38310,13Baso,0.07410555332899094
W38311,4Ery,0.6118495464324951
W38313,8Mk,0.19405430555343628
W38314,3Ery,0.572666347026825
W38315,14Mo,0.1264212280511856
W38316,15Mo,0.07654288411140442
W38318,16Neu,0.18519605696201324
W38319,15Mo,0.1332840919494629
W38320,9GMP,0.06524074077606201
W38321,16Neu,0.19141030311584473
W38322,12Baso,0.13814996182918549
W38323,10GMP,0.19060882925987244
W38324,14Mo,0.11252221465110779
W38326,14Mo,0.10682697594165802
W38327,14Mo,0.1352240890264511
W38328,7MEP,0.3792423903942108
W38329,15Mo,0.1786240041255951
W38330,17Neu,0.2759023606777191
W38331,2Ery,0.4935454726219177
W38332,14Mo,0.12153901159763336
W38333,14Mo,0.07503601908683777
W38334,4Ery,0.5365228056907654
W38335,6Ery,0.3803842067718506
W38336,15Mo,0.18794237077236176
W38337,2Ery,0.6229654550552368
W38338,2Ery,0.5322614312171936
W38339,5Ery,0.4291253983974457
W38340,2Ery,0.6132519841194153
W38341,2Ery,0.6684733629226685
W38342,14Mo,0.14333796501159668
W38343,2Ery,0.6314513683319092
W38344,14Mo,0.0823025330901146
W38345,15Mo,0.11945243924856186
W38346,5Ery,0.5165954828262329
W38347,6Ery,0.40719375014305115
W38348,13Baso,0.02159232459962368
W38349,6Ery,0.26822492480278015
W38350,13Baso,0.05987468734383583
W38351,5Ery,0.3788137137889862
W38352,15Mo,0.1018727496266365
W38353,3Ery,0.6307107210159302
W38354,10GMP,0.0803803950548172
W38355,2Ery,0.633472740650177
W38356,14Mo,0.15072129666805267
W38357,2Ery,0.5660223364830017
W38358,14Mo,0.015710603445768356
W38359,2Ery,0.6445379257202148
W38360,2Ery,0.6226001381874084
W38361,2Ery,0.6617831587791443
W38362,5Ery,0.5426619648933411
W38363,14Mo,0.09635374695062637
W38364,1Ery,0.5559312701225281
W38365,5Ery,0.5285013318061829
W38366,4Ery,0.5470803380012512
W38367,2Ery,0.5991873741149902
W38368,10GMP,0.055988214910030365
W38369,2Ery,0.5619533061981201
W38370,2Ery,0.5597732663154602
W38372,7MEP,0.27233603596687317
W38373,2Ery,0.6461361646652222
W38374,7MEP,0.1808893382549286
W38375,1Ery,0.7581125497817993
W38376,7MEP,0.2588565945625305
W38377,9GMP,0.07092509418725967
W38379,2Ery,0.617441713809967
W38380,17Neu,0.08732061833143234
W38381,14Mo,0.1005418598651886
W38382,14Mo,0.1286764144897461
W38383,13Baso,0.09551754593849182
W38384,7MEP,0.23520848155021667
W38385,16Neu,0.22946888208389282
W38386,2Ery,0.532533586025238
W38387,2Ery,0.6285922527313232
W38388,7MEP,0.2657301425933838
W38389,6Ery,0.3155476748943329
W38390,14Mo,0.13054074347019196
W38391,4Ery,0.5591374635696411
W38392,6Ery,0.2690202295780182
W38393,2Ery,0.6742231845855713
W38394,4Ery,0.5496852993965149
W38395,1Ery,0.6740369200706482
W38396,5Ery,0.4086992144584656
W38397,19Lymph,0.892301082611084
W38398,8Mk,0.2196834832429886
W38399,4Ery,0.5314499735832214
W38400,6Ery,0.25946980714797974
W38401,13Baso,0.11007837951183319
W38402,6Ery,0.467277467250824
W38403,13Baso,0.0788077637553215
W38404,7MEP,0.21894541382789612
W38405,3Ery,0.5284786820411682
W38406,3Ery,0.6441249847412109
W38407,13Baso,0.07979085296392441
W38409,3Ery,0.4183990955352783
W38410,15Mo,0.07511969655752182
W38411,14Mo,0.12734279036521912
W38412,6Ery,0.47096794843673706
W38413,10GMP,0.034187790006399155
W38414,16Neu,0.2148124724626541
W38415,4Ery,0.6121675372123718
W38416,14Mo,0.059489358216524124
W38417,14Mo,0.1381022185087204
W38418,10GMP,0.14953334629535675
W38419,3Ery,0.5412821173667908
W38420,10GMP,0.04249800741672516
W38421,14Mo,0.08754288405179977
W38422,3Ery,0.5513284802436829
W38423,4Ery,0.5959419012069702
W38424,19Lymph,0.9192281365394592
W38425,14Mo,0.11139947175979614
W38426,3Ery,0.6376288533210754
W38427,15Mo,0.1524125337600708
W38428,15Mo,0.1349579244852066
W38429,10GMP,0.01917228288948536
W38430,15Mo,0.10442446917295456
W38431,15Mo,0.1415383517742157
W38433,14Mo,0.10236892849206924
W38434,13Baso,0.09439060837030411
W38435,16Neu,0.21583320200443268
W38436,14Mo,0.14421194791793823
W38437,4Ery,0.570608913898468
W38438,14Mo,0.11073040962219238
W38439,9GMP,0.24383889138698578
W38440,3Ery,0.6571771502494812
W38441,14Mo,0.10176920890808105
W38443,3Ery,0.4897596538066864
W38444,10GMP,0.05644932761788368
W38445,16Neu,0.1373101770877838
W38446,16Neu,0.13594326376914978
W38447,13Baso,0.08345219492912292
W38448,1Ery,0.7226447463035583
W38449,6Ery,0.3272232115268707
W38450,2Ery,0.5896493196487427
W38451,14Mo,0.07689010351896286
W38452,2Ery,0.6363487243652344
W38453,14Mo,0.11935314536094666
W38454,5Ery,0.47188466787338257
W38455,2Ery,0.5616576671600342
W38456,9GMP,0.015442371368408203
W38457,13Baso,0.13100121915340424
W38458,2Ery,0.6003386378288269
W38459,3Ery,0.4423214793205261
W38460,16Neu,0.18467548489570618
W38461,13Baso,0.03523186221718788
W38462,14Mo,0.06990881264209747
W38463,4Ery,0.5639051795005798
W38464,3Ery,0.5900936126708984
W38465,6Ery,0.37422463297843933
W38466,7MEP,0.24366460740566254
W38467,10GMP,0.06845680624246597
W38468,4Ery,0.4568653404712677
W38469,2Ery,0.6025161743164062
W38470,16Neu,0.13106416165828705
W38471,12Baso,0.1416134089231491
W38472,19Lymph,0.9242262244224548
W38474,7MEP,0.2659688889980316
W38475,13Baso,0.08221927285194397
W38477,4Ery,0.6093095541000366
W38478,7MEP,0.2352447509765625
W38480,4Ery,0.5790389180183411
W38481,12Baso,0.12709523737430573
W38482,5Ery,0.38816794753074646
W38483,2Ery,0.509040892124176
W38484,2Ery,0.591831386089325
W38485,9GMP,0.08123530447483063
W38486,1Ery,0.632498562335968
W38487,11DC,0.21188245713710785
W38488,3Ery,0.5959463715553284
W38489,14Mo,0.08350171893835068
W38491,16Neu,0.17867711186408997
W38492,2Ery,0.6039099097251892
W38493,5Ery,0.6007612943649292
W38494,14Mo,0.10629310458898544
W38495,15Mo,0.1491202563047409
W38496,9GMP,0.06292728334665298
W38497,9GMP,0.1018894761800766
W38498,14Mo,0.1691562980413437
W38500,2Ery,0.6266605257987976
W38501,4Ery,0.5927150249481201
W38502,5Ery,0.523837149143219
W38503,4Ery,0.5260390639305115
W38505,3Ery,0.5886895656585693
W38506,16Neu,0.17801286280155182
W38507,2Ery,0.589579164981842
W38509,16Neu,0.1849662959575653
W38510,2Ery,0.6980220079421997
W38512,13Baso,0.013091729022562504
W38515,2Ery,0.5733655691146851
W38516,6Ery,0.4486467242240906
W38517,6Ery,0.4276626706123352
W38519,14Mo,0.14743572473526
W38521,2Ery,0.553086519241333
W38522,2Ery,0.6350252032279968
W38523,8Mk,0.2480485588312149
W38524,8Mk,0.2446293830871582
W38525,14Mo,0.08523860573768616
W38526,14Mo,0.10204724967479706
W38527,1Ery,0.695521891117096
W38528,4Ery,0.6437748074531555
W38529,7MEP,0.2508123219013214
W38530,16Neu,0.10901758819818497
W38531,16Neu,0.12287133187055588
W38532,14Mo,0.03552858531475067
W38533,3Ery,0.6095843315124512
W38534,2Ery,0.6452285647392273
W38535,16Neu,0.12762096524238586
W38536,17Neu,0.28065285086631775
W38537,6Ery,0.41942650079727173
W38538,2Ery,0.6280545592308044
W38539,14Mo,0.10317527502775192
W38540,16Neu,0.12414198368787766
W38541,7MEP,0.2633773684501648
W38543,2Ery,0.52577143907547
W38544,3Ery,0.6581692099571228
W38545,2Ery,0.576798677444458
W38546,6Ery,0.3770494759082794
W38547,6Ery,0.3778116703033447
W38548,6Ery,0.2691778242588043
W38549,10GMP,0.022762300446629524
W38550,12Baso,0.0814012885093689
W38551,12Baso,0.08450891077518463
W38552,4Ery,0.5610923767089844
W38553,2Ery,0.5804992318153381
W38554,4Ery,0.44731399416923523
W38555,2Ery,0.6190088987350464
W38556,14Mo,0.09442372620105743
W38558,3Ery,0.6097975969314575
W38559,6Ery,0.3273037075996399
W38560,3Ery,0.6538912057876587
W38561,10GMP,0.08762142807245255
W38563,2Ery,0.6077597141265869
W38564,14Mo,0.11745352298021317
W38565,16Neu,0.15453331172466278
W38567,18Eos,0.2845459580421448
W38568,13Baso,0.11213895678520203
W38569,6Ery,0.3997420370578766
W38570,14Mo,0.15088166296482086
W38571,13Baso,0.10928064584732056
W38572,2Ery,0.5309741497039795
W38573,2Ery,0.6630083918571472
W38575,5Ery,0.38356348872184753
W38576,10GMP,0.05602104589343071
W38577,5Ery,0.5513070225715637
W38578,14Mo,0.09100603312253952
W38579,13Baso,0.019688325002789497
W38580,14Mo,0.07229681313037872
W38581,16Neu,0.18296056985855103
W38582,2Ery,0.5763254165649414
W38583,10GMP,0.23526982963085175
W38584,4Ery,0.5531841516494751
W38585,16Neu,0.2056608349084854
W38586,6Ery,0.2688111364841461
W38587,15Mo,0.1406712532043457
W38588,14Mo,0.039686668664216995
W38589,12Baso,0.1139836460351944
W38590,7MEP,0.23019720613956451
W38591,10GMP,0.024144569411873817
W38592,15Mo,0.10581396520137787
W38593,3Ery,0.7141469120979309
W38594,15Mo,0.20790112018585205
W38595,3Ery,0.6037883758544922
W38596,9GMP,0.06382883340120316
W38597,2Ery,0.6046653389930725
W38598,7MEP,0.1144399419426918
W38599,3Ery,0.5781334638595581
W38601,13Baso,0.13404183089733124
W38602,16Neu,0.15721255540847778
W38603,13Baso,0.11883092671632767
W38604,2Ery,0.6802993416786194
W38605,15Mo,0.1335393637418747
W38606,7MEP,0.20155349373817444
W38607,6Ery,0.36617743968963623
W38608,5Ery,0.4636298418045044
W38609,13Baso,0.11641497910022736
W38610,10GMP,0.030896829441189766
W38611,9GMP,0.06539703905582428
W38612,13Baso,0.05207018181681633
W38613,13Baso,0.08666680753231049
W38614,12Baso,0.14248013496398926
W38615,5Ery,0.6055529713630676
W38616,13Baso,0.06477591395378113
W38617,15Mo,0.21762168407440186
W38618,14Mo,0.09436251223087311
W38619,10GMP,0.02756612002849579
W38620,15Mo,0.1301230937242508
W38622,4Ery,0.5133525729179382
W38623,5Ery,0.4776332378387451
W38624,8Mk,0.23394107818603516
W38625,13Baso,0.1252533495426178
W38626,7MEP,0.2788112461566925
W38627,14Mo,0.14999067783355713
W38628,14Mo,0.15856358408927917
W38629,2Ery,0.6191637516021729
W38630,6Ery,0.36237725615501404
W38631,2Ery,0.6898918747901917
W38632,13Baso,0.062268391251564026
W38633,7MEP,0.18208879232406616
W38634,16Neu,0.19723860919475555
W38636,14Mo,0.10260473936796188
W38637,3Ery,0.45110297203063965
W38638,16Neu,0.1710168570280075
W38639,19Lymph,0.12285434454679489
W38640,10GMP,0.02750534936785698
W38643,12Baso,0.12165872007608414
W38644,10GMP,0.06827813386917114
W38645,13Baso,0.08959340304136276
W38646,1Ery,0.6857774257659912
W38647,16Neu,0.15352985262870789
W38648,6Ery,0.2671216130256653
W38649,14Mo,0.10759240388870239
W38650,2Ery,0.5941364169120789
W38651,14Mo,0.1321713775396347
W38652,10GMP,0.08174332976341248
W38653,14Mo,0.03422987088561058
W38654,16Neu,0.1930864304304123
W38655,9GMP,0.22602754831314087
W38656,3Ery,0.37426018714904785
W38657,3Ery,0.5230156779289246
W38659,14Mo,0.09342892467975616
W38660,2Ery,0.5667347311973572
W38662,12Baso,0.11456993222236633
W38663,9GMP,0.06512420624494553
W38664,1Ery,0.7212841510772705
W38666,3Ery,0.5659858584403992
W38668,5Ery,0.600292444229126
W38669,2Ery,0.5894666314125061
W38670,8Mk,0.26507115364074707
W38672,2Ery,0.6346104741096497
W38673,16Neu,0.17102082073688507
W38674,5Ery,0.5429122447967529
W38675,10GMP,0.09108775109052658
W38676,13Baso,0.0733809694647789
W38677,16Neu,0.18078674376010895
W38678,14Mo,0.11695890873670578
W38679,2Ery,0.6884671449661255
W38680,5Ery,0.44870543479919434
W38681,15Mo,0.16549605131149292
W38682,7MEP,0.2272171676158905
W38683,15Mo,0.13085730373859406
W38684,5Ery,0.56357342004776
W38685,6Ery,0.4183545410633087
W38686,5Ery,0.46988850831985474
W38687,2Ery,0.6032583117485046
W38688,3Ery,0.5177617073059082
W38689,15Mo,0.24209803342819214
W38690,7MEP,0.2563121020793915
W38691,3Ery,0.5844295620918274
W38692,15Mo,0.09869396686553955
W38693,16Neu,0.20111799240112305
W38694,6Ery,0.4155525267124176
W38695,7MEP,0.2674250304698944
W38697,6Ery,0.389997273683548
W38698,6Ery,0.389407753944397
W38699,10GMP,0.04461377486586571
W38700,4Ery,0.613561749458313
W38701,13Baso,0.108359195291996
W38702,14Mo,0.1283118575811386
W38703,13Baso,0.0381304956972599
W38704,3Ery,0.49604400992393494
W38705,6Ery,0.4208742380142212
W38707,8Mk,0.21929728984832764
W38709,14Mo,0.08571174740791321
W38710,2Ery,0.5646152496337891
W38711,9GMP,0.08638057857751846
W38712,6Ery,0.4687896966934204
W38713,15Mo,0.11802946031093597
W38714,13Baso,0.026355184614658356
W38715,3Ery,0.4695592224597931
W38716,16Neu,0.22734960913658142
W38717,2Ery,0.6711297035217285
W38718,9GMP,0.08116436749696732
W38719,14Mo,0.09224295616149902
W38720,3Ery,0.606940746307373
W38721,14Mo,0.09484666585922241
W38722,14Mo,0.10517784208059311
W38723,16Neu,0.08285360038280487
W38724,14Mo,0.1287526935338974
W38726,9GMP,0.05281546339392662
W38727,3Ery,0.5601336359977722
W38728,13Baso,0.16524751484394073
W38729,10GMP,0.2933287024497986
W38730,14Mo,0.08467172086238861
W38732,3Ery,0.47343873977661133
W38733,6Ery,0.35912978649139404
W38734,14Mo,0.13795457780361176
W38735,4Ery,0.48097559809684753
W38736,3Ery,0.6959769129753113
W38737,2Ery,0.6640958786010742
W38738,2Ery,0.6489353775978088
W38739,14Mo,0.14548389613628387
W38740,2Ery,0.5504148006439209
W38741,8Mk,0.36290720105171204
W38742,10GMP,0.03503420576453209
W38744,10GMP,0.053814955055713654
W38745,14Mo,0.04468851536512375
W38747,10GMP,0.0784301683306694
W38748,16Neu,0.17178864777088165
W38750,10GMP,0.03558202460408211
W38751,10GMP,0.058620698750019073
W38752,13Baso,0.07573805749416351
W38753,16Neu,0.2334221452474594
W38754,2Ery,0.5233243107795715
W38755,16Neu,0.1733756959438324
W38756,2Ery,0.6492840051651001
W38757,14Mo,0.17936067283153534
W38758,11DC,0.21188105642795563
W38759,14Mo,0.12352408468723297
W38760,11DC,0.2118803709745407
W38761,14Mo,0.1225062683224678
W38765,13Baso,0.1425722986459732
W38767,2Ery,0.6228947639465332
W38768,2Ery,0.6757277250289917
W38769,16Neu,0.09928220510482788
W38770,2Ery,0.514898419380188
W38771,2Ery,0.6178997755050659
W38772,14Mo,0.08179953694343567
W38773,5Ery,0.5160477161407471
W38774,2Ery,0.6215810775756836
W38775,7MEP,0.2470656931400299
W38776,9GMP,0.10658569633960724
W38777,2Ery,0.6574861407279968
W38778,10GMP,0.05090827867388725
W38779,7MEP,0.20276258885860443
W38781,6Ery,0.3553634583950043
W38782,15Mo,0.1214788407087326
W38783,5Ery,0.5756113529205322
W38784,5Ery,0.5333940386772156
W38785,15Mo,0.14395928382873535
W38786,14Mo,0.08064782619476318
W38788,8Mk,0.25329136848449707
W38789,14Mo,0.12665249407291412
W38790,15Mo,0.13867302238941193
W38791,4Ery,0.488678902387619
W38793,14Mo,0.08427392691373825
W38794,13Baso,0.05646428465843201
W38795,6Ery,0.3617086410522461
W38796,4Ery,0.6439980268478394
W38797,13Baso,0.09748682379722595
W38798,4Ery,0.6093364357948303
W38799,9GMP,0.01699656993150711
W38800,3Ery,0.615408182144165
W38801,8Mk,0.23259349167346954
W38802,8Mk,0.43052908778190613
W38803,15Mo,0.16960234940052032
W38804,2Ery,0.6603577136993408
W38805,12Baso,0.1434977948665619
W38806,3Ery,0.4588615894317627
W38807,15Mo,0.157570943236351
W38808,15Mo,0.15235674381256104
W38809,9GMP,0.023320971056818962
W38810,3Ery,0.5357140898704529
W38811,10GMP,0.016981691122055054
W38812,15Mo,0.179916113615036
W38813,16Neu,0.19434086978435516
W38814,4Ery,0.5568601489067078
W38815,3Ery,0.5616812705993652
W38816,14Mo,0.06853692978620529
W38818,3Ery,0.5546380877494812
W38819,16Neu,0.19003444910049438
W38820,6Ery,0.3815671503543854
W38821,5Ery,0.5146743655204773
W38822,13Baso,0.013440378941595554
W38823,13Baso,0.07564208656549454
W38824,11DC,0.21187148988246918
W38825,13Baso,0.16481323540210724
W38826,8Mk,0.21327891945838928
W38827,2Ery,0.6465638279914856
W38828,13Baso,0.09965384751558304
W38829,13Baso,0.09732646495103836
W38830,8Mk,0.21454301476478577
W38831,8Mk,0.23332908749580383
W38832,15Mo,0.10918337851762772
W38833,14Mo,0.06125396490097046
W38834,14Mo,0.16599228978157043
W38835,19Lymph,0.7556706666946411
W38836,6Ery,0.27471160888671875
W38837,5Ery,0.42826759815216064
W38838,15Mo,0.11208345741033554
W38839,7MEP,0.2627100646495819
W38840,15Mo,0.18159742653369904
W38841,15Mo,0.16043874621391296
W38843,6Ery,0.480673611164093
W38845,12Baso,0.0887744352221489
W38846,2Ery,0.5819548964500427
W38847,13Baso,0.08352405577898026
W38848,3Ery,0.4363512098789215
W38849,4Ery,0.5271747708320618
W38850,14Mo,0.0982743352651596
W38851,10GMP,0.026047412306070328
W38852,16Neu,0.17398443818092346
W38853,15Mo,0.20791076123714447
W38854,6Ery,0.24646307528018951
W38855,13Baso,0.1180984303355217
W38856,19Lymph,0.8685407638549805
W38858,15Mo,0.23912440240383148
W38859,6Ery,0.24501264095306396
W38860,2Ery,0.6379116177558899
W38861,15Mo,0.16672635078430176
W38862,3Ery,0.5927030444145203
W38863,13Baso,0.035250306129455566
W38864,6Ery,0.3170899450778961
W38865,13Baso,0.11225587874650955
W38866,9GMP,0.08716969937086105
W38867,10GMP,0.05595547705888748
W38868,10GMP,0.01134954858571291
W38869,14Mo,0.10057558864355087
W38870,2Ery,0.6386823654174805
W38871,6Ery,0.26374712586402893
W38872,10GMP,0.014675193466246128
W38873,7MEP,0.25359266996383667
W38874,6Ery,0.2515742778778076
W38875,14Mo,0.10009851306676865
W38876,2Ery,0.6099982857704163
W38877,2Ery,0.6055001020431519
W38878,7MEP,0.23544567823410034
W38879,5Ery,0.5074273347854614
W38880,13Baso,0.06613022089004517
W38881,13Baso,0.11073049902915955
W38882,14Mo,0.12889613211154938
W38883,3Ery,0.6648080348968506
W38884,13Baso,0.14432048797607422
W38886,4Ery,0.5598328709602356
W38887,3Ery,0.546081006526947
W38889,2Ery,0.6693679690361023
W38890,15Mo,0.1324596405029297
W38891,7MEP,0.26523494720458984
W38892,1Ery,0.7567031979560852
W38893,15Mo,0.16154105961322784
W38894,2Ery,0.6600958704948425
W38895,13Baso,0.05176016315817833
W38896,8Mk,0.21267962455749512
W38897,9GMP,0.015583012253046036
W38898,19Lymph,0.9327850341796875
W38899,11DC,0.21187758445739746
W38900,8Mk,0.2089949995279312
W38901,17Neu,0.2519950866699219
W38902,13Baso,0.05430940166115761
W38903,13Baso,0.08125647902488708
W38904,13Baso,0.06816421449184418
W38905,3Ery,0.6532822251319885
W38906,12Baso,0.24365651607513428
W38907,16Neu,0.23307132720947266
W38908,10GMP,0.06528109312057495
W38909,15Mo,0.1563175767660141
W38910,7MEP,0.26058846712112427
W38911,13Baso,0.0943368598818779
W38912,13Baso,0.1435072422027588
W38913,14Mo,0.1362832635641098
W38914,16Neu,0.21514317393302917
W38915,3Ery,0.567531943321228
W38916,7MEP,0.23137395083904266
W38917,13Baso,0.13430030643939972
W38918,13Baso,0.09310758858919144
W38919,3Ery,0.5399446487426758
W38920,1Ery,0.6792068481445312
W38921,14Mo,0.05780677869915962
W38922,15Mo,0.135422483086586
W38923,10GMP,0.01952153630554676
W38924,15Mo,0.12989859282970428
W38925,4Ery,0.5375885367393494
W38926,9GMP,0.09837236255407333
W38927,14Mo,0.1514681577682495
W38928,9GMP,0.030022529885172844
W38929,13Baso,0.030258608981966972
W38930,10GMP,0.059388283640146255
W38931,9GMP,0.06657590717077255
W38932,5Ery,0.44166603684425354
W38933,2Ery,0.5718658566474915
W38934,7MEP,0.23439650237560272
W38935,13Baso,0.11559765040874481
W38937,6Ery,0.36759474873542786
W38938,7MEP,0.2441786825656891
W38939,10GMP,0.028122849762439728
W38940,7MEP,0.2578085660934448
W38941,10GMP,0.015142185613512993
W38942,3Ery,0.5563817024230957
W38943,5Ery,0.5425757169723511
W38944,10GMP,0.06998584419488907
W38945,6Ery,0.34421658515930176
W38946,19Lymph,0.8193365931510925
W38947,8Mk,0.22544798254966736
W38948,4Ery,0.5584841966629028
W38949,14Mo,0.07511498034000397
W38950,16Neu,0.18965815007686615
W38951,14Mo,0.04610525071620941
W38952,10GMP,0.03417641296982765
W38953,10GMP,0.07207208126783371
W38954,13Baso,0.09930933266878128
W38955,7MEP,0.2489645928144455
W38956,15Mo,0.2212720662355423
W38957,10GMP,0.02874745987355709
W38958,15Mo,0.13234898447990417
W38959,15Mo,0.14262281358242035
W38960,14Mo,0.13639529049396515
W38961,5Ery,0.4675270617008209
W38962,13Baso,0.11806449294090271
W38963,9GMP,0.08640684187412262
W38964,7MEP,0.25950488448143005
W38965,14Mo,0.15898247063159943
W38966,6Ery,0.4243130087852478
W38967,2Ery,0.6166344881057739
W38968,8Mk,0.218806654214859
W38969,7MEP,0.25603124499320984
W38970,5Ery,0.5022692680358887
W38971,7MEP,0.1781296283006668
W38972,13Baso,0.08370263874530792
W38973,7MEP,0.25506120920181274
W38974,5Ery,0.5078075528144836
W38975,8Mk,0.211494579911232
W38976,2Ery,0.5910518765449524
W38977,2Ery,0.6457329988479614
W38978,4Ery,0.5090663433074951
W38979,14Mo,0.13130131363868713
W38980,15Mo,0.2374611347913742
W38981,13Baso,0.07291387766599655
W38982,3Ery,0.668605387210846
W38983,2Ery,0.5138288736343384
W38985,5Ery,0.35388216376304626
W38987,13Baso,0.03827131167054176
W38989,3Ery,0.5817349553108215
W38990,6Ery,0.23018912971019745
W38991,8Mk,0.21656179428100586
W38992,6Ery,0.2860114276409149
W38993,15Mo,0.20897237956523895
W38994,2Ery,0.5643434524536133
W38996,5Ery,0.543874979019165
W38997,6Ery,0.34215402603149414
W38998,9GMP,0.12338603287935257
W38999,8Mk,0.20829062163829803
W39000,15Mo,0.22585973143577576
W39001,13Baso,0.07203487306833267
W39002,10GMP,0.04726135730743408
W39003,15Mo,0.14959417283535004
W39004,15Mo,0.20385859906673431
W39005,2Ery,0.6575113534927368
W39006,13Baso,0.07569142431020737
W39007,14Mo,0.07702747732400894
W39008,9GMP,0.15713374316692352
W39009,2Ery,0.5709868669509888
W39010,3Ery,0.6114470958709717
W39011,17Neu,0.12793846428394318
W39012,16Neu,0.17299535870552063
W39013,13Baso,0.10489791631698608
W39015,6Ery,0.36775508522987366
W39017,13Baso,0.07823232561349869
W39018,10GMP,0.05247974395751953
W39019,13Baso,0.1216486468911171
W39020,13Baso,0.15799930691719055
W39021,2Ery,0.49797144532203674
W39022,6Ery,0.23822224140167236
W39023,15Mo,0.21719467639923096
W39024,14Mo,0.1543145477771759
W39025,14Mo,0.0706305205821991
W39026,13Baso,0.1080281138420105
W39027,14Mo,0.05641878396272659
W39028,6Ery,0.3895033895969391
W39029,13Baso,0.090768001973629
W39030,17Neu,0.08443606644868851
W39031,2Ery,0.5170978307723999
W39032,6Ery,0.3180529773235321
W39033,7MEP,0.25840336084365845
W39034,10GMP,0.013892333023250103
W39035,10GMP,0.018507223576307297
W39036,6Ery,0.3918706178665161
W39037,15Mo,0.17258191108703613
W39038,15Mo,0.13710170984268188
W39039,6Ery,0.2622239589691162
W39040,4Ery,0.485151082277298
W39041,8Mk,0.2721554934978485
W39042,6Ery,0.2671605944633484
W39043,13Baso,0.10568416863679886
W39044,13Baso,0.04343358799815178
W39045,5Ery,0.4825723469257355
W39047,10GMP,0.092763252556324
W39048,10GMP,0.1824677437543869
W39050,10GMP,0.010516432113945484
W39051,2Ery,0.6103750467300415
W39052,11DC,0.21188367903232574
W39053,16Neu,0.22250141203403473
W39054,14Mo,0.0893397107720375
W39055,5Ery,0.43233945965766907
W39056,10GMP,0.11466555297374725
W39057,6Ery,0.4210268259048462
W39058,2Ery,0.6169306039810181
W39059,10GMP,0.05465465039014816
W39060,15Mo,0.19023065268993378
W39061,16Neu,0.15824921429157257
W39062,6Ery,0.25017231702804565
W39063,19Lymph,0.9189026355743408
W39064,10GMP,0.04887910932302475
W39065,15Mo,0.13413523137569427
W39066,13Baso,0.12100408226251602
W39067,5Ery,0.3766094744205475
W39068,7MEP,0.24240997433662415
W39069,4Ery,0.531101405620575
W39070,7MEP,0.16931410133838654
W39071,3Ery,0.4354152977466583
W39072,19Lymph,0.9104297757148743
W39073,13Baso,0.12407222390174866
W39074,13Baso,0.18953576683998108
W39075,13Baso,0.04210168868303299
W39076,3Ery,0.573222279548645
W39077,1Ery,0.7192205190658569
W39078,15Mo,0.14077569544315338
W39079,8Mk,0.23062299191951752
W39081,7MEP,0.2711240351200104
W39082,7MEP,0.24754613637924194
W39083,13Baso,0.012706652283668518
W39084,13Baso,0.02788376808166504
W39085,5Ery,0.4678992033004761
W39087,6Ery,0.2704958915710449
W39088,15Mo,0.18689677119255066
W39089,13Baso,0.12692518532276154
W39090,14Mo,0.12954631447792053
W39091,10GMP,0.2044321447610855
W39092,13Baso,0.07798107713460922
W39093,7MEP,0.26889440417289734
W39094,15Mo,0.17075850069522858
W39095,8Mk,0.2030131220817566
W39096,9GMP,0.05613626912236214
W39097,4Ery,0.47962355613708496
W39098,17Neu,0.08799330145120621
W39099,2Ery,0.5821861624717712
W39100,14Mo,0.07203476876020432
W39101,15Mo,0.18318188190460205
W39103,14Mo,0.14168685674667358
W39104,6Ery,0.5108625888824463
W39105,6Ery,0.30117881298065186
W39106,10GMP,0.03388451039791107
W39107,6Ery,0.273601233959198
W39109,13Baso,0.04108278453350067
W39110,6Ery,0.27134448289871216
W39111,12Baso,0.08201850950717926
W39112,3Ery,0.6447427868843079
W39113,13Baso,0.12639403343200684
W39114,13Baso,0.12937705218791962
W39115,16Neu,0.22562620043754578
W39116,10GMP,0.025318177416920662
W39117,16Neu,0.191588893532753
W39118,13Baso,0.11751663684844971
W39119,5Ery,0.43532150983810425
W39120,2Ery,0.6326552629470825
W39121,9GMP,0.039227865636348724
W39122,16Neu,0.259022057056427
W39123,8Mk,0.2160455882549286
W39124,11DC,0.21188007295131683
W39125,13Baso,0.06574170291423798
W39126,10GMP,0.05724307894706726
W39127,5Ery,0.5123430490493774
W39128,15Mo,0.10047149658203125
W39129,13Baso,0.1340588629245758
W39130,9GMP,0.018500754609704018
W39131,14Mo,0.13821396231651306
W39134,13Baso,0.04609245806932449
W39135,14Mo,0.06710967421531677
W39137,15Mo,0.1035057082772255
W39138,15Mo,0.15408453345298767
W39139,10GMP,0.04738031327724457
W39140,15Mo,0.23948444426059723
W39141,16Neu,0.18687130510807037
W39142,6Ery,0.3977481722831726
W39143,2Ery,0.534982442855835
W39144,13Baso,0.06522370874881744
W39145,5Ery,0.27025073766708374
W39146,7MEP,0.2359331250190735
W39147,19Lymph,0.9092097282409668
W39148,6Ery,0.40159717202186584
W39149,13Baso,0.11954626441001892
W39150,2Ery,0.5807682871818542
W39151,11DC,0.21187913417816162
W39152,7MEP,0.24194596707820892
W39153,13Baso,0.10138542950153351
W39154,2Ery,0.5565497279167175
W39155,14Mo,0.10692144930362701
W39156,13Baso,0.11507540941238403
W39157,8Mk,0.21449121832847595
W39158,13Baso,0.1201896071434021
W39159,7MEP,0.19017210602760315
W39160,10GMP,0.013255798257887363
W39161,10GMP,0.06522572040557861
W39162,14Mo,0.07759881019592285
W39163,16Neu,0.1948366016149521
W39164,2Ery,0.5340931415557861
W39165,13Baso,0.13494642078876495
W39166,7MEP,0.2162269651889801
W39167,15Mo,0.11750756204128265
W39168,3Ery,0.6153627038002014
